filename,species,status
C:/Users/Natalia/Desktop/PADIA/endansys/dataset/training/Aguila_arpia_peligro/1.jpg,aguila arpia,1
C:/Users/Natalia/Desktop/PADIA/endansys/dataset/training/Aguila_arpia_peligro/11.jpg,aguila arpia,1
C:/Users/Natalia/Desktop/PADIA/endansys/dataset/training/Aguila_arpia_peligro/12.jpg,aguila arpia,1
C:/Users/Natalia/Desktop/PADIA/endansys/dataset/training/Aguila_arpia_peligro/14.jpg,aguila arpia,1
C:/Users/Natalia/Desktop/PADIA/endansys/dataset/training/Aguila_arpia_peligro/16.jpg,aguila arpia,1
C:/Users/Natalia/Desktop/PADIA/endansys/dataset/training/Aguila_arpia_peligro/17.jpg,aguila arpia,1
C:/Users/Natalia/Desktop/PADIA/endansys/dataset/training/Aguila_arpia_peligro/19.jpg,aguila arpia,1
C:/Users/Natalia/Desktop/PADIA/endansys/dataset/training/Aguila_arpia_peligro/2.jpg,aguila arpia,1
C:/Users/Natalia/Desktop/PADIA/endansys/dataset/training/Aguila_arpia_peligro/20.jpg,aguila arpia,1
C:/Users/Natalia/Desktop/PADIA/endansys/dataset/training/Aguila_arpia_peligro/21.jpg,aguila arpia,1
C:/Users/Natalia/Desktop/PADIA/endansys/dataset/training/Aguila_arpia_peligro/22.jpg,aguila arpia,1
C:/Users/Natalia/Desktop/PADIA/endansys/dataset/training/Aguila_arpia_peligro/24.jpg,aguila arpia,1
C:/Users/Natalia/Desktop/PADIA/endansys/dataset/training/Aguila_arpia_peligro/25.jpg,aguila arpia,1
C:/Users/Natalia/Desktop/PADIA/endansys/dataset/training/Aguila_arpia_peligro/26.jpg,aguila arpia,1
C:/Users/Natalia/Desktop/PADIA/endansys/dataset/training/Aguila_arpia_peligro/27.jpg,aguila arpia,1
C:/Users/Natalia/Desktop/PADIA/endansys/dataset/training/Aguila_arpia_peligro/28.jpg,aguila arpia,1
C:/Users/Natalia/Desktop/PADIA/endansys/dataset/training/Aguila_arpia_peligro/29.jpg,aguila arpia,1
C:/Users/Natalia/Desktop/PADIA/endansys/dataset/training/Aguila_arpia_peligro/3.jpg,aguila arpia,1
C:/Users/Natalia/Desktop/PADIA/endansys/dataset/training/Aguila_arpia_peligro/31.jpg,aguila arpia,1
C:/Users/Natalia/Desktop/PADIA/endansys/dataset/training/Aguila_arpia_peligro/32.jpg,aguila arpia,1
C:/Users/Natalia/Desktop/PADIA/endansys/dataset/training/Aguila_arpia_peligro/33.jpg,aguila arpia,1
C:/Users/Natalia/Desktop/PADIA/endansys/dataset/training/Aguila_arpia_peligro/34.jpg,aguila arpia,1
C:/Users/Natalia/Desktop/PADIA/endansys/dataset/training/Aguila_arpia_peligro/35.jpg,aguila arpia,1
C:/Users/Natalia/Desktop/PADIA/endansys/dataset/training/Aguila_arpia_peligro/38.jpg,aguila arpia,1
C:/Users/Natalia/Desktop/PADIA/endansys/dataset/training/Aguila_arpia_peligro/39.jpg,aguila arpia,1
C:/Users/Natalia/Desktop/PADIA/endansys/dataset/training/Aguila_arpia_peligro/4.jpg,aguila arpia,1
C:/Users/Natalia/Desktop/PADIA/endansys/dataset/training/Aguila_arpia_peligro/40.jpg,aguila arpia,1
C:/Users/Natalia/Desktop/PADIA/endansys/dataset/training/Aguila_arpia_peligro/41.jpg,aguila arpia,1
C:/Users/Natalia/Desktop/PADIA/endansys/dataset/training/Aguila_arpia_peligro/42.jpg,aguila arpia,1
C:/Users/Natalia/Desktop/PADIA/endansys/dataset/training/Aguila_arpia_peligro/43.jpg,aguila arpia,1
C:/Users/Natalia/Desktop/PADIA/endansys/dataset/training/Aguila_arpia_peligro/44.jpg,aguila arpia,1
C:/Users/Natalia/Desktop/PADIA/endansys/dataset/training/Aguila_arpia_peligro/45.jpg,aguila arpia,1
C:/Users/Natalia/Desktop/PADIA/endansys/dataset/training/Aguila_arpia_peligro/46.jpg,aguila arpia,1
C:/Users/Natalia/Desktop/PADIA/endansys/dataset/training/Aguila_arpia_peligro/47.jpg,aguila arpia,1
C:/Users/Natalia/Desktop/PADIA/endansys/dataset/training/Aguila_arpia_peligro/48.jpg,aguila arpia,1
C:/Users/Natalia/Desktop/PADIA/endansys/dataset/training/Aguila_arpia_peligro/5.jpg,aguila arpia,1
C:/Users/Natalia/Desktop/PADIA/endansys/dataset/training/Aguila_arpia_peligro/50.jpg,aguila arpia,1
C:/Users/Natalia/Desktop/PADIA/endansys/dataset/training/Aguila_arpia_peligro/6.jpg,aguila arpia,1
C:/Users/Natalia/Desktop/PADIA/endansys/dataset/training/Aguila_arpia_peligro/70.jpg,aguila arpia,1
C:/Users/Natalia/Desktop/PADIA/endansys/dataset/training/Aguila_arpia_peligro/8.jpg,aguila arpia,1
C:/Users/Natalia/Desktop/PADIA/endansys/dataset/training/Aguila_arpia_peligro/80.jpg,aguila arpia,1
C:/Users/Natalia/Desktop/PADIA/endansys/dataset/training/Aguila_arpia_peligro/81.jpg,aguila arpia,1
C:/Users/Natalia/Desktop/PADIA/endansys/dataset/training/Aguila_arpia_peligro/82.jpg,aguila arpia,1
C:/Users/Natalia/Desktop/PADIA/endansys/dataset/training/Aguila_arpia_peligro/83.jpg,aguila arpia,1
C:/Users/Natalia/Desktop/PADIA/endansys/dataset/training/Aguila_arpia_peligro/84.jpg,aguila arpia,1
C:/Users/Natalia/Desktop/PADIA/endansys/dataset/training/Aguila_arpia_peligro/85.jpg,aguila arpia,1
C:/Users/Natalia/Desktop/PADIA/endansys/dataset/training/Aguila_arpia_peligro/86.jpg,aguila arpia,1
C:/Users/Natalia/Desktop/PADIA/endansys/dataset/training/Aguila_arpia_peligro/87.jpg,aguila arpia,1
C:/Users/Natalia/Desktop/PADIA/endansys/dataset/training/Aguila_arpia_peligro/88.jpg,aguila arpia,1
C:/Users/Natalia/Desktop/PADIA/endansys/dataset/training/Aguila_arpia_peligro/89.jpg,aguila arpia,1
C:/Users/Natalia/Desktop/PADIA/endansys/dataset/training/Aguila_arpia_peligro/9.jpg,aguila arpia,1
C:/Users/Natalia/Desktop/PADIA/endansys/dataset/training/Anaconda/10.jpg,anaconda,0
C:/Users/Natalia/Desktop/PADIA/endansys/dataset/training/Anaconda/11.jpg,anaconda,0
C:/Users/Natalia/Desktop/PADIA/endansys/dataset/training/Anaconda/14.jpg,anaconda,0
C:/Users/Natalia/Desktop/PADIA/endansys/dataset/training/Anaconda/18.jpg,anaconda,0
C:/Users/Natalia/Desktop/PADIA/endansys/dataset/training/Anaconda/19.jpg,anaconda,0
C:/Users/Natalia/Desktop/PADIA/endansys/dataset/training/Anaconda/2.jpg,anaconda,0
C:/Users/Natalia/Desktop/PADIA/endansys/dataset/training/Anaconda/20.jpg,anaconda,0
C:/Users/Natalia/Desktop/PADIA/endansys/dataset/training/Anaconda/26.jpg,anaconda,0
C:/Users/Natalia/Desktop/PADIA/endansys/dataset/training/Anaconda/28.jpg,anaconda,0
C:/Users/Natalia/Desktop/PADIA/endansys/dataset/training/Anaconda/30.jpg,anaconda,0
C:/Users/Natalia/Desktop/PADIA/endansys/dataset/training/Anaconda/31.jpg,anaconda,0
C:/Users/Natalia/Desktop/PADIA/endansys/dataset/training/Anaconda/32.jpg,anaconda,0
C:/Users/Natalia/Desktop/PADIA/endansys/dataset/training/Anaconda/33.jpg,anaconda,0
C:/Users/Natalia/Desktop/PADIA/endansys/dataset/training/Anaconda/35.jpg,anaconda,0
C:/Users/Natalia/Desktop/PADIA/endansys/dataset/training/Anaconda/36.jpg,anaconda,0
C:/Users/Natalia/Desktop/PADIA/endansys/dataset/training/Anaconda/37.jpg,anaconda,0
C:/Users/Natalia/Desktop/PADIA/endansys/dataset/training/Anaconda/38.jpg,anaconda,0
C:/Users/Natalia/Desktop/PADIA/endansys/dataset/training/Anaconda/40.jpg,anaconda,0
C:/Users/Natalia/Desktop/PADIA/endansys/dataset/training/Anaconda/43.jpg,anaconda,0
C:/Users/Natalia/Desktop/PADIA/endansys/dataset/training/Anaconda/44.jpg,anaconda,0
C:/Users/Natalia/Desktop/PADIA/endansys/dataset/training/Anaconda/49.jpg,anaconda,0
C:/Users/Natalia/Desktop/PADIA/endansys/dataset/training/Anaconda/6.jpg,anaconda,0
C:/Users/Natalia/Desktop/PADIA/endansys/dataset/training/Anaconda/8.jpg,anaconda,0
C:/Users/Natalia/Desktop/PADIA/endansys/dataset/training/Anaconda/9.jpg,anaconda,0
C:/Users/Natalia/Desktop/PADIA/endansys/dataset/training/Anaconda/imagen_001.jpg,anaconda,0
C:/Users/Natalia/Desktop/PADIA/endansys/dataset/training/Anaconda/imagen_002.jpg,anaconda,0
C:/Users/Natalia/Desktop/PADIA/endansys/dataset/training/Anaconda/imagen_003.jpg,anaconda,0
C:/Users/Natalia/Desktop/PADIA/endansys/dataset/training/Anaconda/imagen_004.jpg,anaconda,0
C:/Users/Natalia/Desktop/PADIA/endansys/dataset/training/Anaconda/imagen_005.jpg,anaconda,0
C:/Users/Natalia/Desktop/PADIA/endansys/dataset/training/Anaconda/imagen_006.jpg,anaconda,0
C:/Users/Natalia/Desktop/PADIA/endansys/dataset/training/Anaconda/imagen_007.jpg,anaconda,0
C:/Users/Natalia/Desktop/PADIA/endansys/dataset/training/Anaconda/imagen_008.jpg,anaconda,0
C:/Users/Natalia/Desktop/PADIA/endansys/dataset/training/Anaconda/imagen_009.jpg,anaconda,0
C:/Users/Natalia/Desktop/PADIA/endansys/dataset/training/Anaconda/imagen_010.jpg,anaconda,0
C:/Users/Natalia/Desktop/PADIA/endansys/dataset/training/Anaconda/imagen_011.jpg,anaconda,0
C:/Users/Natalia/Desktop/PADIA/endansys/dataset/training/Anaconda/imagen_012.jpg,anaconda,0
C:/Users/Natalia/Desktop/PADIA/endansys/dataset/training/Anaconda/imagen_013.jpg,anaconda,0
C:/Users/Natalia/Desktop/PADIA/endansys/dataset/training/Anaconda/imagen_014.jpg,anaconda,0
C:/Users/Natalia/Desktop/PADIA/endansys/dataset/training/Anaconda/imagen_015.jpg,anaconda,0
C:/Users/Natalia/Desktop/PADIA/endansys/dataset/training/Anaconda/imagen_016.jpg,anaconda,0
C:/Users/Natalia/Desktop/PADIA/endansys/dataset/training/Anaconda/imagen_017.jpg,anaconda,0
C:/Users/Natalia/Desktop/PADIA/endansys/dataset/training/Anaconda/imagen_018.jpg,anaconda,0
C:/Users/Natalia/Desktop/PADIA/endansys/dataset/training/Anaconda/imagen_019.jpg,anaconda,0
C:/Users/Natalia/Desktop/PADIA/endansys/dataset/training/Anaconda/imagen_020.jpg,anaconda,0
C:/Users/Natalia/Desktop/PADIA/endansys/dataset/training/Anaconda/imagen_021.jpg,anaconda,0
C:/Users/Natalia/Desktop/PADIA/endansys/dataset/training/Anaconda/imagen_022.jpg,anaconda,0
C:/Users/Natalia/Desktop/PADIA/endansys/dataset/training/Anaconda/imagen_023.jpg,anaconda,0
C:/Users/Natalia/Desktop/PADIA/endansys/dataset/training/Anaconda/imagen_024.jpg,anaconda,0
C:/Users/Natalia/Desktop/PADIA/endansys/dataset/training/Anaconda/imagen_025.jpg,anaconda,0
C:/Users/Natalia/Desktop/PADIA/endansys/dataset/training/Anaconda/imagen_026.jpg,anaconda,0
C:/Users/Natalia/Desktop/PADIA/endansys/dataset/training/Anaconda/imagen_027.jpg,anaconda,0
C:/Users/Natalia/Desktop/PADIA/endansys/dataset/training/Armadillo_gigante/1.jpg,armadillo gigante,0
C:/Users/Natalia/Desktop/PADIA/endansys/dataset/training/Armadillo_gigante/12.jpg,armadillo gigante,0
C:/Users/Natalia/Desktop/PADIA/endansys/dataset/training/Armadillo_gigante/16.jpg,armadillo gigante,0
C:/Users/Natalia/Desktop/PADIA/endansys/dataset/training/Armadillo_gigante/19.jpg,armadillo gigante,0
C:/Users/Natalia/Desktop/PADIA/endansys/dataset/training/Armadillo_gigante/2.jpg,armadillo gigante,0
C:/Users/Natalia/Desktop/PADIA/endansys/dataset/training/Armadillo_gigante/20.jpg,armadillo gigante,0
C:/Users/Natalia/Desktop/PADIA/endansys/dataset/training/Armadillo_gigante/23.jpg,armadillo gigante,0
C:/Users/Natalia/Desktop/PADIA/endansys/dataset/training/Armadillo_gigante/25.jpg,armadillo gigante,0
C:/Users/Natalia/Desktop/PADIA/endansys/dataset/training/Armadillo_gigante/27.jpg,armadillo gigante,0
C:/Users/Natalia/Desktop/PADIA/endansys/dataset/training/Armadillo_gigante/29.jpg,armadillo gigante,0
C:/Users/Natalia/Desktop/PADIA/endansys/dataset/training/Armadillo_gigante/3.jpg,armadillo gigante,0
C:/Users/Natalia/Desktop/PADIA/endansys/dataset/training/Armadillo_gigante/30.jpg,armadillo gigante,0
C:/Users/Natalia/Desktop/PADIA/endansys/dataset/training/Armadillo_gigante/31.jpg,armadillo gigante,0
C:/Users/Natalia/Desktop/PADIA/endansys/dataset/training/Armadillo_gigante/33.jpg,armadillo gigante,0
C:/Users/Natalia/Desktop/PADIA/endansys/dataset/training/Armadillo_gigante/34.jpg,armadillo gigante,0
C:/Users/Natalia/Desktop/PADIA/endansys/dataset/training/Armadillo_gigante/39.jpg,armadillo gigante,0
C:/Users/Natalia/Desktop/PADIA/endansys/dataset/training/Armadillo_gigante/4.jpg,armadillo gigante,0
C:/Users/Natalia/Desktop/PADIA/endansys/dataset/training/Armadillo_gigante/42.jpg,armadillo gigante,0
C:/Users/Natalia/Desktop/PADIA/endansys/dataset/training/Armadillo_gigante/44.jpg,armadillo gigante,0
C:/Users/Natalia/Desktop/PADIA/endansys/dataset/training/Armadillo_gigante/46.jpg,armadillo gigante,0
C:/Users/Natalia/Desktop/PADIA/endansys/dataset/training/Armadillo_gigante/48.jpg,armadillo gigante,0
C:/Users/Natalia/Desktop/PADIA/endansys/dataset/training/Armadillo_gigante/49.jpg,armadillo gigante,0
C:/Users/Natalia/Desktop/PADIA/endansys/dataset/training/Armadillo_gigante/5.jpg,armadillo gigante,0
C:/Users/Natalia/Desktop/PADIA/endansys/dataset/training/Armadillo_gigante/50.jpg,armadillo gigante,0
C:/Users/Natalia/Desktop/PADIA/endansys/dataset/training/Armadillo_gigante/imagen_001.jpg,armadillo gigante,0
C:/Users/Natalia/Desktop/PADIA/endansys/dataset/training/Armadillo_gigante/imagen_002.jpg,armadillo gigante,0
C:/Users/Natalia/Desktop/PADIA/endansys/dataset/training/Armadillo_gigante/imagen_003.jpg,armadillo gigante,0
C:/Users/Natalia/Desktop/PADIA/endansys/dataset/training/Armadillo_gigante/imagen_004.jpg,armadillo gigante,0
C:/Users/Natalia/Desktop/PADIA/endansys/dataset/training/Armadillo_gigante/imagen_005.jpg,armadillo gigante,0
C:/Users/Natalia/Desktop/PADIA/endansys/dataset/training/Armadillo_gigante/imagen_006.jpg,armadillo gigante,0
C:/Users/Natalia/Desktop/PADIA/endansys/dataset/training/Armadillo_gigante/imagen_007.jpg,armadillo gigante,0
C:/Users/Natalia/Desktop/PADIA/endansys/dataset/training/Armadillo_gigante/imagen_008.jpg,armadillo gigante,0
C:/Users/Natalia/Desktop/PADIA/endansys/dataset/training/Armadillo_gigante/imagen_009.jpg,armadillo gigante,0
C:/Users/Natalia/Desktop/PADIA/endansys/dataset/training/Armadillo_gigante/imagen_010.jpg,armadillo gigante,0
C:/Users/Natalia/Desktop/PADIA/endansys/dataset/training/Armadillo_gigante/imagen_011.jpg,armadillo gigante,0
C:/Users/Natalia/Desktop/PADIA/endansys/dataset/training/Armadillo_gigante/imagen_012.jpg,armadillo gigante,0
C:/Users/Natalia/Desktop/PADIA/endansys/dataset/training/Armadillo_gigante/imagen_013.jpg,armadillo gigante,0
C:/Users/Natalia/Desktop/PADIA/endansys/dataset/training/Armadillo_gigante/imagen_014.jpg,armadillo gigante,0
C:/Users/Natalia/Desktop/PADIA/endansys/dataset/training/Armadillo_gigante/imagen_015.jpg,armadillo gigante,0
C:/Users/Natalia/Desktop/PADIA/endansys/dataset/training/Armadillo_gigante/imagen_016.jpg,armadillo gigante,0
C:/Users/Natalia/Desktop/PADIA/endansys/dataset/training/Armadillo_gigante/imagen_017.jpg,armadillo gigante,0
C:/Users/Natalia/Desktop/PADIA/endansys/dataset/training/Armadillo_gigante/imagen_018.jpg,armadillo gigante,0
C:/Users/Natalia/Desktop/PADIA/endansys/dataset/training/Armadillo_gigante/imagen_019.jpg,armadillo gigante,0
C:/Users/Natalia/Desktop/PADIA/endansys/dataset/training/Armadillo_gigante/imagen_020.jpg,armadillo gigante,0
C:/Users/Natalia/Desktop/PADIA/endansys/dataset/training/Armadillo_gigante/imagen_021.jpg,armadillo gigante,0
C:/Users/Natalia/Desktop/PADIA/endansys/dataset/training/Armadillo_gigante/imagen_022.jpg,armadillo gigante,0
C:/Users/Natalia/Desktop/PADIA/endansys/dataset/training/Armadillo_gigante/imagen_023.jpg,armadillo gigante,0
C:/Users/Natalia/Desktop/PADIA/endansys/dataset/training/Armadillo_gigante/imagen_024.jpg,armadillo gigante,0
C:/Users/Natalia/Desktop/PADIA/endansys/dataset/training/Armadillo_gigante/imagen_025.jpg,armadillo gigante,0
C:/Users/Natalia/Desktop/PADIA/endansys/dataset/training/Armadillo_gigante/imagen_026.jpg,armadillo gigante,0
C:/Users/Natalia/Desktop/PADIA/endansys/dataset/training/Armadillo_gigante/imagen_027.jpg,armadillo gigante,0
C:/Users/Natalia/Desktop/PADIA/endansys/dataset/training/Boa_constrictor/13.jpg,boa constrictor,0
C:/Users/Natalia/Desktop/PADIA/endansys/dataset/training/Boa_constrictor/15.jpg,boa constrictor,0
C:/Users/Natalia/Desktop/PADIA/endansys/dataset/training/Boa_constrictor/16.jpg,boa constrictor,0
C:/Users/Natalia/Desktop/PADIA/endansys/dataset/training/Boa_constrictor/18.jpg,boa constrictor,0
C:/Users/Natalia/Desktop/PADIA/endansys/dataset/training/Boa_constrictor/19.jpg,boa constrictor,0
C:/Users/Natalia/Desktop/PADIA/endansys/dataset/training/Boa_constrictor/20.jpg,boa constrictor,0
C:/Users/Natalia/Desktop/PADIA/endansys/dataset/training/Boa_constrictor/22.jpg,boa constrictor,0
C:/Users/Natalia/Desktop/PADIA/endansys/dataset/training/Boa_constrictor/23.jpg,boa constrictor,0
C:/Users/Natalia/Desktop/PADIA/endansys/dataset/training/Boa_constrictor/26.jpg,boa constrictor,0
C:/Users/Natalia/Desktop/PADIA/endansys/dataset/training/Boa_constrictor/28.jpg,boa constrictor,0
C:/Users/Natalia/Desktop/PADIA/endansys/dataset/training/Boa_constrictor/3.jpg,boa constrictor,0
C:/Users/Natalia/Desktop/PADIA/endansys/dataset/training/Boa_constrictor/30.jpg,boa constrictor,0
C:/Users/Natalia/Desktop/PADIA/endansys/dataset/training/Boa_constrictor/33.jpg,boa constrictor,0
C:/Users/Natalia/Desktop/PADIA/endansys/dataset/training/Boa_constrictor/36.jpg,boa constrictor,0
C:/Users/Natalia/Desktop/PADIA/endansys/dataset/training/Boa_constrictor/37.jpg,boa constrictor,0
C:/Users/Natalia/Desktop/PADIA/endansys/dataset/training/Boa_constrictor/38.jpg,boa constrictor,0
C:/Users/Natalia/Desktop/PADIA/endansys/dataset/training/Boa_constrictor/4.jpg,boa constrictor,0
C:/Users/Natalia/Desktop/PADIA/endansys/dataset/training/Boa_constrictor/42.jpg,boa constrictor,0
C:/Users/Natalia/Desktop/PADIA/endansys/dataset/training/Boa_constrictor/43.jpg,boa constrictor,0
C:/Users/Natalia/Desktop/PADIA/endansys/dataset/training/Boa_constrictor/47.jpg,boa constrictor,0
C:/Users/Natalia/Desktop/PADIA/endansys/dataset/training/Boa_constrictor/48.jpg,boa constrictor,0
C:/Users/Natalia/Desktop/PADIA/endansys/dataset/training/Boa_constrictor/50.jpg,boa constrictor,0
C:/Users/Natalia/Desktop/PADIA/endansys/dataset/training/Boa_constrictor/8.jpg,boa constrictor,0
C:/Users/Natalia/Desktop/PADIA/endansys/dataset/training/Boa_constrictor/imagen_001.jpg,boa constrictor,0
C:/Users/Natalia/Desktop/PADIA/endansys/dataset/training/Boa_constrictor/imagen_002.jpg,boa constrictor,0
C:/Users/Natalia/Desktop/PADIA/endansys/dataset/training/Boa_constrictor/imagen_003.jpg,boa constrictor,0
C:/Users/Natalia/Desktop/PADIA/endansys/dataset/training/Boa_constrictor/imagen_004.jpg,boa constrictor,0
C:/Users/Natalia/Desktop/PADIA/endansys/dataset/training/Boa_constrictor/imagen_005.jpg,boa constrictor,0
C:/Users/Natalia/Desktop/PADIA/endansys/dataset/training/Boa_constrictor/imagen_006.jpg,boa constrictor,0
C:/Users/Natalia/Desktop/PADIA/endansys/dataset/training/Boa_constrictor/imagen_007.jpg,boa constrictor,0
C:/Users/Natalia/Desktop/PADIA/endansys/dataset/training/Boa_constrictor/imagen_008.jpg,boa constrictor,0
C:/Users/Natalia/Desktop/PADIA/endansys/dataset/training/Boa_constrictor/imagen_009.jpg,boa constrictor,0
C:/Users/Natalia/Desktop/PADIA/endansys/dataset/training/Boa_constrictor/imagen_010.jpg,boa constrictor,0
C:/Users/Natalia/Desktop/PADIA/endansys/dataset/training/Boa_constrictor/imagen_011.jpg,boa constrictor,0
C:/Users/Natalia/Desktop/PADIA/endansys/dataset/training/Boa_constrictor/imagen_012.jpg,boa constrictor,0
C:/Users/Natalia/Desktop/PADIA/endansys/dataset/training/Boa_constrictor/imagen_013.jpg,boa constrictor,0
C:/Users/Natalia/Desktop/PADIA/endansys/dataset/training/Boa_constrictor/imagen_014.jpg,boa constrictor,0
C:/Users/Natalia/Desktop/PADIA/endansys/dataset/training/Boa_constrictor/imagen_015.jpg,boa constrictor,0
C:/Users/Natalia/Desktop/PADIA/endansys/dataset/training/Boa_constrictor/imagen_016.jpg,boa constrictor,0
C:/Users/Natalia/Desktop/PADIA/endansys/dataset/training/Boa_constrictor/imagen_017.jpg,boa constrictor,0
C:/Users/Natalia/Desktop/PADIA/endansys/dataset/training/Boa_constrictor/imagen_018.jpg,boa constrictor,0
C:/Users/Natalia/Desktop/PADIA/endansys/dataset/training/Boa_constrictor/imagen_019.jpg,boa constrictor,0
C:/Users/Natalia/Desktop/PADIA/endansys/dataset/training/Boa_constrictor/imagen_020.jpg,boa constrictor,0
C:/Users/Natalia/Desktop/PADIA/endansys/dataset/training/Boa_constrictor/imagen_021.jpg,boa constrictor,0
C:/Users/Natalia/Desktop/PADIA/endansys/dataset/training/Boa_constrictor/imagen_022.jpg,boa constrictor,0
C:/Users/Natalia/Desktop/PADIA/endansys/dataset/training/Boa_constrictor/imagen_023.jpg,boa constrictor,0
C:/Users/Natalia/Desktop/PADIA/endansys/dataset/training/Boa_constrictor/imagen_024.jpg,boa constrictor,0
C:/Users/Natalia/Desktop/PADIA/endansys/dataset/training/Boa_constrictor/imagen_025.jpg,boa constrictor,0
C:/Users/Natalia/Desktop/PADIA/endansys/dataset/training/Boa_constrictor/imagen_026.jpg,boa constrictor,0
C:/Users/Natalia/Desktop/PADIA/endansys/dataset/training/Boa_constrictor/imagen_027.jpg,boa constrictor,0
C:/Users/Natalia/Desktop/PADIA/endansys/dataset/training/Boa_constrictor/imagen_028.jpg,boa constrictor,0
C:/Users/Natalia/Desktop/PADIA/endansys/dataset/training/Boa_constrictor/imagen_029.jpg,boa constrictor,0
C:/Users/Natalia/Desktop/PADIA/endansys/dataset/training/Buho_cornudo/11.jpg,buho cornudo,0
C:/Users/Natalia/Desktop/PADIA/endansys/dataset/training/Buho_cornudo/13.jpg,buho cornudo,0
C:/Users/Natalia/Desktop/PADIA/endansys/dataset/training/Buho_cornudo/17.jpg,buho cornudo,0
C:/Users/Natalia/Desktop/PADIA/endansys/dataset/training/Buho_cornudo/18.jpg,buho cornudo,0
C:/Users/Natalia/Desktop/PADIA/endansys/dataset/training/Buho_cornudo/20.jpg,buho cornudo,0
C:/Users/Natalia/Desktop/PADIA/endansys/dataset/training/Buho_cornudo/21.jpg,buho cornudo,0
C:/Users/Natalia/Desktop/PADIA/endansys/dataset/training/Buho_cornudo/23.jpg,buho cornudo,0
C:/Users/Natalia/Desktop/PADIA/endansys/dataset/training/Buho_cornudo/26.jpg,buho cornudo,0
C:/Users/Natalia/Desktop/PADIA/endansys/dataset/training/Buho_cornudo/28.jpg,buho cornudo,0
C:/Users/Natalia/Desktop/PADIA/endansys/dataset/training/Buho_cornudo/33.jpg,buho cornudo,0
C:/Users/Natalia/Desktop/PADIA/endansys/dataset/training/Buho_cornudo/34.jpg,buho cornudo,0
C:/Users/Natalia/Desktop/PADIA/endansys/dataset/training/Buho_cornudo/36.jpg,buho cornudo,0
C:/Users/Natalia/Desktop/PADIA/endansys/dataset/training/Buho_cornudo/37.jpg,buho cornudo,0
C:/Users/Natalia/Desktop/PADIA/endansys/dataset/training/Buho_cornudo/38.jpg,buho cornudo,0
C:/Users/Natalia/Desktop/PADIA/endansys/dataset/training/Buho_cornudo/40.jpg,buho cornudo,0
C:/Users/Natalia/Desktop/PADIA/endansys/dataset/training/Buho_cornudo/44.jpg,buho cornudo,0
C:/Users/Natalia/Desktop/PADIA/endansys/dataset/training/Buho_cornudo/46.jpg,buho cornudo,0
C:/Users/Natalia/Desktop/PADIA/endansys/dataset/training/Buho_cornudo/5.jpg,buho cornudo,0
C:/Users/Natalia/Desktop/PADIA/endansys/dataset/training/Buho_cornudo/50.jpg,buho cornudo,0
C:/Users/Natalia/Desktop/PADIA/endansys/dataset/training/Buho_cornudo/6.jpg,buho cornudo,0
C:/Users/Natalia/Desktop/PADIA/endansys/dataset/training/Buho_cornudo/7.jpg,buho cornudo,0
C:/Users/Natalia/Desktop/PADIA/endansys/dataset/training/Buho_cornudo/9.jpg,buho cornudo,0
C:/Users/Natalia/Desktop/PADIA/endansys/dataset/training/Buho_cornudo/imagen_001.jpg,buho cornudo,0
C:/Users/Natalia/Desktop/PADIA/endansys/dataset/training/Buho_cornudo/imagen_002.jpg,buho cornudo,0
C:/Users/Natalia/Desktop/PADIA/endansys/dataset/training/Buho_cornudo/imagen_003.jpg,buho cornudo,0
C:/Users/Natalia/Desktop/PADIA/endansys/dataset/training/Buho_cornudo/imagen_004.jpg,buho cornudo,0
C:/Users/Natalia/Desktop/PADIA/endansys/dataset/training/Buho_cornudo/imagen_005.jpg,buho cornudo,0
C:/Users/Natalia/Desktop/PADIA/endansys/dataset/training/Buho_cornudo/imagen_006.jpg,buho cornudo,0
C:/Users/Natalia/Desktop/PADIA/endansys/dataset/training/Buho_cornudo/imagen_007.jpg,buho cornudo,0
C:/Users/Natalia/Desktop/PADIA/endansys/dataset/training/Buho_cornudo/imagen_008.jpg,buho cornudo,0
C:/Users/Natalia/Desktop/PADIA/endansys/dataset/training/Buho_cornudo/imagen_009.jpg,buho cornudo,0
C:/Users/Natalia/Desktop/PADIA/endansys/dataset/training/Buho_cornudo/imagen_010.jpg,buho cornudo,0
C:/Users/Natalia/Desktop/PADIA/endansys/dataset/training/Buho_cornudo/imagen_011.jpg,buho cornudo,0
C:/Users/Natalia/Desktop/PADIA/endansys/dataset/training/Buho_cornudo/imagen_012.jpg,buho cornudo,0
C:/Users/Natalia/Desktop/PADIA/endansys/dataset/training/Buho_cornudo/imagen_013.jpg,buho cornudo,0
C:/Users/Natalia/Desktop/PADIA/endansys/dataset/training/Buho_cornudo/imagen_014.jpg,buho cornudo,0
C:/Users/Natalia/Desktop/PADIA/endansys/dataset/training/Buho_cornudo/imagen_015.jpg,buho cornudo,0
C:/Users/Natalia/Desktop/PADIA/endansys/dataset/training/Buho_cornudo/imagen_016.jpg,buho cornudo,0
C:/Users/Natalia/Desktop/PADIA/endansys/dataset/training/Buho_cornudo/imagen_017.jpg,buho cornudo,0
C:/Users/Natalia/Desktop/PADIA/endansys/dataset/training/Buho_cornudo/imagen_018.jpg,buho cornudo,0
C:/Users/Natalia/Desktop/PADIA/endansys/dataset/training/Buho_cornudo/imagen_019.jpg,buho cornudo,0
C:/Users/Natalia/Desktop/PADIA/endansys/dataset/training/Buho_cornudo/imagen_020.jpg,buho cornudo,0
C:/Users/Natalia/Desktop/PADIA/endansys/dataset/training/Buho_cornudo/imagen_021.jpg,buho cornudo,0
C:/Users/Natalia/Desktop/PADIA/endansys/dataset/training/Buho_cornudo/imagen_022.jpg,buho cornudo,0
C:/Users/Natalia/Desktop/PADIA/endansys/dataset/training/Buho_cornudo/imagen_023.jpg,buho cornudo,0
C:/Users/Natalia/Desktop/PADIA/endansys/dataset/training/Cacique_candela/1.jpg,cacique candela,0
C:/Users/Natalia/Desktop/PADIA/endansys/dataset/training/Cacique_candela/10.jpg,cacique candela,0
C:/Users/Natalia/Desktop/PADIA/endansys/dataset/training/Cacique_candela/14.jpg,cacique candela,0
C:/Users/Natalia/Desktop/PADIA/endansys/dataset/training/Cacique_candela/15.jpg,cacique candela,0
C:/Users/Natalia/Desktop/PADIA/endansys/dataset/training/Cacique_candela/18.jpg,cacique candela,0
C:/Users/Natalia/Desktop/PADIA/endansys/dataset/training/Cacique_candela/23.jpg,cacique candela,0
C:/Users/Natalia/Desktop/PADIA/endansys/dataset/training/Cacique_candela/25.jpg,cacique candela,0
C:/Users/Natalia/Desktop/PADIA/endansys/dataset/training/Cacique_candela/26.jpg,cacique candela,0
C:/Users/Natalia/Desktop/PADIA/endansys/dataset/training/Cacique_candela/28.jpg,cacique candela,0
C:/Users/Natalia/Desktop/PADIA/endansys/dataset/training/Cacique_candela/33.jpg,cacique candela,0
C:/Users/Natalia/Desktop/PADIA/endansys/dataset/training/Cacique_candela/35.jpg,cacique candela,0
C:/Users/Natalia/Desktop/PADIA/endansys/dataset/training/Cacique_candela/37.jpg,cacique candela,0
C:/Users/Natalia/Desktop/PADIA/endansys/dataset/training/Cacique_candela/40.jpg,cacique candela,0
C:/Users/Natalia/Desktop/PADIA/endansys/dataset/training/Cacique_candela/41.jpg,cacique candela,0
C:/Users/Natalia/Desktop/PADIA/endansys/dataset/training/Cacique_candela/43.jpg,cacique candela,0
C:/Users/Natalia/Desktop/PADIA/endansys/dataset/training/Cacique_candela/45.jpg,cacique candela,0
C:/Users/Natalia/Desktop/PADIA/endansys/dataset/training/Cacique_candela/47.jpg,cacique candela,0
C:/Users/Natalia/Desktop/PADIA/endansys/dataset/training/Cacique_candela/49.jpg,cacique candela,0
C:/Users/Natalia/Desktop/PADIA/endansys/dataset/training/Cacique_candela/5.jpg,cacique candela,0
C:/Users/Natalia/Desktop/PADIA/endansys/dataset/training/Cacique_candela/7.jpg,cacique candela,0
C:/Users/Natalia/Desktop/PADIA/endansys/dataset/training/Cacique_candela/8.jpg,cacique candela,0
C:/Users/Natalia/Desktop/PADIA/endansys/dataset/training/Cacique_candela/9.jpg,cacique candela,0
C:/Users/Natalia/Desktop/PADIA/endansys/dataset/training/Cacique_candela/imagen_001.jpg,cacique candela,0
C:/Users/Natalia/Desktop/PADIA/endansys/dataset/training/Cacique_candela/imagen_002.jpg,cacique candela,0
C:/Users/Natalia/Desktop/PADIA/endansys/dataset/training/Cacique_candela/imagen_003.jpg,cacique candela,0
C:/Users/Natalia/Desktop/PADIA/endansys/dataset/training/Cacique_candela/imagen_004.jpg,cacique candela,0
C:/Users/Natalia/Desktop/PADIA/endansys/dataset/training/Cacique_candela/imagen_005.jpg,cacique candela,0
C:/Users/Natalia/Desktop/PADIA/endansys/dataset/training/Cacique_candela/imagen_006.jpg,cacique candela,0
C:/Users/Natalia/Desktop/PADIA/endansys/dataset/training/Cacique_candela/imagen_007.jpg,cacique candela,0
C:/Users/Natalia/Desktop/PADIA/endansys/dataset/training/Cacique_candela/imagen_008.jpg,cacique candela,0
C:/Users/Natalia/Desktop/PADIA/endansys/dataset/training/Cacique_candela/imagen_009.jpg,cacique candela,0
C:/Users/Natalia/Desktop/PADIA/endansys/dataset/training/Cacique_candela/imagen_010.jpg,cacique candela,0
C:/Users/Natalia/Desktop/PADIA/endansys/dataset/training/Cacique_candela/imagen_011.jpg,cacique candela,0
C:/Users/Natalia/Desktop/PADIA/endansys/dataset/training/Cacique_candela/imagen_012.jpg,cacique candela,0
C:/Users/Natalia/Desktop/PADIA/endansys/dataset/training/Cacique_candela/imagen_013.jpg,cacique candela,0
C:/Users/Natalia/Desktop/PADIA/endansys/dataset/training/Cacique_candela/imagen_014.jpg,cacique candela,0
C:/Users/Natalia/Desktop/PADIA/endansys/dataset/training/Cacique_candela/imagen_015.jpg,cacique candela,0
C:/Users/Natalia/Desktop/PADIA/endansys/dataset/training/Cacique_candela/imagen_016.jpg,cacique candela,0
C:/Users/Natalia/Desktop/PADIA/endansys/dataset/training/Cacique_candela/imagen_017.jpg,cacique candela,0
C:/Users/Natalia/Desktop/PADIA/endansys/dataset/training/Cacique_candela/imagen_018.jpg,cacique candela,0
C:/Users/Natalia/Desktop/PADIA/endansys/dataset/training/Cacique_candela/imagen_019.jpg,cacique candela,0
C:/Users/Natalia/Desktop/PADIA/endansys/dataset/training/Cacique_candela/imagen_020.jpg,cacique candela,0
C:/Users/Natalia/Desktop/PADIA/endansys/dataset/training/Cacique_candela/imagen_021.jpg,cacique candela,0
C:/Users/Natalia/Desktop/PADIA/endansys/dataset/training/Cacique_candela/imagen_022.jpg,cacique candela,0
C:/Users/Natalia/Desktop/PADIA/endansys/dataset/training/Cacique_candela/imagen_023.jpg,cacique candela,0
C:/Users/Natalia/Desktop/PADIA/endansys/dataset/training/Cacique_candela/imagen_024.jpg,cacique candela,0
C:/Users/Natalia/Desktop/PADIA/endansys/dataset/training/Caiman_aguja/1.jpg,caiman aguja,0
C:/Users/Natalia/Desktop/PADIA/endansys/dataset/training/Caiman_aguja/12.jpg,caiman aguja,0
C:/Users/Natalia/Desktop/PADIA/endansys/dataset/training/Caiman_aguja/13.jpg,caiman aguja,0
C:/Users/Natalia/Desktop/PADIA/endansys/dataset/training/Caiman_aguja/14.jpg,caiman aguja,0
C:/Users/Natalia/Desktop/PADIA/endansys/dataset/training/Caiman_aguja/15.jpg,caiman aguja,0
C:/Users/Natalia/Desktop/PADIA/endansys/dataset/training/Caiman_aguja/16.jpg,caiman aguja,0
C:/Users/Natalia/Desktop/PADIA/endansys/dataset/training/Caiman_aguja/17.jpg,caiman aguja,0
C:/Users/Natalia/Desktop/PADIA/endansys/dataset/training/Caiman_aguja/25.jpg,caiman aguja,0
C:/Users/Natalia/Desktop/PADIA/endansys/dataset/training/Caiman_aguja/26.jpg,caiman aguja,0
C:/Users/Natalia/Desktop/PADIA/endansys/dataset/training/Caiman_aguja/29.jpg,caiman aguja,0
C:/Users/Natalia/Desktop/PADIA/endansys/dataset/training/Caiman_aguja/3.jpg,caiman aguja,0
C:/Users/Natalia/Desktop/PADIA/endansys/dataset/training/Caiman_aguja/30.jpg,caiman aguja,0
C:/Users/Natalia/Desktop/PADIA/endansys/dataset/training/Caiman_aguja/34.jpg,caiman aguja,0
C:/Users/Natalia/Desktop/PADIA/endansys/dataset/training/Caiman_aguja/35.jpg,caiman aguja,0
C:/Users/Natalia/Desktop/PADIA/endansys/dataset/training/Caiman_aguja/37.jpg,caiman aguja,0
C:/Users/Natalia/Desktop/PADIA/endansys/dataset/training/Caiman_aguja/43.jpg,caiman aguja,0
C:/Users/Natalia/Desktop/PADIA/endansys/dataset/training/Caiman_aguja/44.jpg,caiman aguja,0
C:/Users/Natalia/Desktop/PADIA/endansys/dataset/training/Caiman_aguja/46.jpg,caiman aguja,0
C:/Users/Natalia/Desktop/PADIA/endansys/dataset/training/Caiman_aguja/47.jpg,caiman aguja,0
C:/Users/Natalia/Desktop/PADIA/endansys/dataset/training/Caiman_aguja/49.jpg,caiman aguja,0
C:/Users/Natalia/Desktop/PADIA/endansys/dataset/training/Caiman_aguja/50.jpg,caiman aguja,0
C:/Users/Natalia/Desktop/PADIA/endansys/dataset/training/Caiman_aguja/6.jpg,caiman aguja,0
C:/Users/Natalia/Desktop/PADIA/endansys/dataset/training/Caiman_aguja/7.jpg,caiman aguja,0
C:/Users/Natalia/Desktop/PADIA/endansys/dataset/training/Caiman_aguja/imagen_001.jpg,caiman aguja,0
C:/Users/Natalia/Desktop/PADIA/endansys/dataset/training/Caiman_aguja/imagen_002.jpg,caiman aguja,0
C:/Users/Natalia/Desktop/PADIA/endansys/dataset/training/Caiman_aguja/imagen_003.jpg,caiman aguja,0
C:/Users/Natalia/Desktop/PADIA/endansys/dataset/training/Caiman_aguja/imagen_004.jpg,caiman aguja,0
C:/Users/Natalia/Desktop/PADIA/endansys/dataset/training/Caiman_aguja/imagen_005.jpg,caiman aguja,0
C:/Users/Natalia/Desktop/PADIA/endansys/dataset/training/Caiman_aguja/imagen_006.jpg,caiman aguja,0
C:/Users/Natalia/Desktop/PADIA/endansys/dataset/training/Caiman_aguja/imagen_007.jpg,caiman aguja,0
C:/Users/Natalia/Desktop/PADIA/endansys/dataset/training/Caiman_aguja/imagen_008.jpg,caiman aguja,0
C:/Users/Natalia/Desktop/PADIA/endansys/dataset/training/Caiman_aguja/imagen_009.jpg,caiman aguja,0
C:/Users/Natalia/Desktop/PADIA/endansys/dataset/training/Caiman_aguja/imagen_010.jpg,caiman aguja,0
C:/Users/Natalia/Desktop/PADIA/endansys/dataset/training/Caiman_aguja/imagen_011.jpg,caiman aguja,0
C:/Users/Natalia/Desktop/PADIA/endansys/dataset/training/Caiman_aguja/imagen_012.jpg,caiman aguja,0
C:/Users/Natalia/Desktop/PADIA/endansys/dataset/training/Caiman_aguja/imagen_013.jpg,caiman aguja,0
C:/Users/Natalia/Desktop/PADIA/endansys/dataset/training/Caiman_aguja/imagen_014.jpg,caiman aguja,0
C:/Users/Natalia/Desktop/PADIA/endansys/dataset/training/Caiman_aguja/imagen_015.jpg,caiman aguja,0
C:/Users/Natalia/Desktop/PADIA/endansys/dataset/training/Caiman_aguja/imagen_016.jpg,caiman aguja,0
C:/Users/Natalia/Desktop/PADIA/endansys/dataset/training/Caiman_aguja/imagen_017.jpg,caiman aguja,0
C:/Users/Natalia/Desktop/PADIA/endansys/dataset/training/Caiman_aguja/imagen_018.jpg,caiman aguja,0
C:/Users/Natalia/Desktop/PADIA/endansys/dataset/training/Caiman_aguja/imagen_019.jpg,caiman aguja,0
C:/Users/Natalia/Desktop/PADIA/endansys/dataset/training/Caiman_aguja/imagen_020.jpg,caiman aguja,0
C:/Users/Natalia/Desktop/PADIA/endansys/dataset/training/Caiman_aguja/imagen_021.jpg,caiman aguja,0
C:/Users/Natalia/Desktop/PADIA/endansys/dataset/training/Caiman_aguja/imagen_022.jpg,caiman aguja,0
C:/Users/Natalia/Desktop/PADIA/endansys/dataset/training/Caiman_aguja/imagen_023.jpg,caiman aguja,0
C:/Users/Natalia/Desktop/PADIA/endansys/dataset/training/Caiman_aguja/imagen_024.jpg,caiman aguja,0
C:/Users/Natalia/Desktop/PADIA/endansys/dataset/training/Caiman_aguja/imagen_025.jpg,caiman aguja,0
C:/Users/Natalia/Desktop/PADIA/endansys/dataset/training/Caiman_aguja/imagen_026.jpg,caiman aguja,0
C:/Users/Natalia/Desktop/PADIA/endansys/dataset/training/Caiman_aguja/imagen_027.jpg,caiman aguja,0
C:/Users/Natalia/Desktop/PADIA/endansys/dataset/training/Caiman_aguja/imagen_028.jpg,caiman aguja,0
C:/Users/Natalia/Desktop/PADIA/endansys/dataset/training/Caiman_aguja/imagen_029.jpg,caiman aguja,0
C:/Users/Natalia/Desktop/PADIA/endansys/dataset/training/Caiman_aguja/imagen_030.jpg,caiman aguja,0
C:/Users/Natalia/Desktop/PADIA/endansys/dataset/training/Capibara/11.jpg,capibara,0
C:/Users/Natalia/Desktop/PADIA/endansys/dataset/training/Capibara/13.jpg,capibara,0
C:/Users/Natalia/Desktop/PADIA/endansys/dataset/training/Capibara/14.jpg,capibara,0
C:/Users/Natalia/Desktop/PADIA/endansys/dataset/training/Capibara/16.jpg,capibara,0
C:/Users/Natalia/Desktop/PADIA/endansys/dataset/training/Capibara/17.jpg,capibara,0
C:/Users/Natalia/Desktop/PADIA/endansys/dataset/training/Capibara/18.jpg,capibara,0
C:/Users/Natalia/Desktop/PADIA/endansys/dataset/training/Capibara/19.jpg,capibara,0
C:/Users/Natalia/Desktop/PADIA/endansys/dataset/training/Capibara/2.jpg,capibara,0
C:/Users/Natalia/Desktop/PADIA/endansys/dataset/training/Capibara/24.jpg,capibara,0
C:/Users/Natalia/Desktop/PADIA/endansys/dataset/training/Capibara/26.jpg,capibara,0
C:/Users/Natalia/Desktop/PADIA/endansys/dataset/training/Capibara/27.jpg,capibara,0
C:/Users/Natalia/Desktop/PADIA/endansys/dataset/training/Capibara/29.jpg,capibara,0
C:/Users/Natalia/Desktop/PADIA/endansys/dataset/training/Capibara/3.jpg,capibara,0
C:/Users/Natalia/Desktop/PADIA/endansys/dataset/training/Capibara/37.jpg,capibara,0
C:/Users/Natalia/Desktop/PADIA/endansys/dataset/training/Capibara/42.jpg,capibara,0
C:/Users/Natalia/Desktop/PADIA/endansys/dataset/training/Capibara/43.jpg,capibara,0
C:/Users/Natalia/Desktop/PADIA/endansys/dataset/training/Capibara/44.jpg,capibara,0
C:/Users/Natalia/Desktop/PADIA/endansys/dataset/training/Capibara/8.jpg,capibara,0
C:/Users/Natalia/Desktop/PADIA/endansys/dataset/training/Capibara/imagen_001.jpg,capibara,0
C:/Users/Natalia/Desktop/PADIA/endansys/dataset/training/Capibara/imagen_002.jpg,capibara,0
C:/Users/Natalia/Desktop/PADIA/endansys/dataset/training/Capibara/imagen_003.jpg,capibara,0
C:/Users/Natalia/Desktop/PADIA/endansys/dataset/training/Capibara/imagen_004.jpg,capibara,0
C:/Users/Natalia/Desktop/PADIA/endansys/dataset/training/Capibara/imagen_005.jpg,capibara,0
C:/Users/Natalia/Desktop/PADIA/endansys/dataset/training/Capibara/imagen_006.jpg,capibara,0
C:/Users/Natalia/Desktop/PADIA/endansys/dataset/training/Capibara/imagen_007.jpg,capibara,0
C:/Users/Natalia/Desktop/PADIA/endansys/dataset/training/Capibara/imagen_008.jpg,capibara,0
C:/Users/Natalia/Desktop/PADIA/endansys/dataset/training/Capibara/imagen_009.jpg,capibara,0
C:/Users/Natalia/Desktop/PADIA/endansys/dataset/training/Capibara/imagen_010.jpg,capibara,0
C:/Users/Natalia/Desktop/PADIA/endansys/dataset/training/Capibara/imagen_011.jpg,capibara,0
C:/Users/Natalia/Desktop/PADIA/endansys/dataset/training/Capibara/imagen_012.jpg,capibara,0
C:/Users/Natalia/Desktop/PADIA/endansys/dataset/training/Capibara/imagen_014.jpg,capibara,0
C:/Users/Natalia/Desktop/PADIA/endansys/dataset/training/Capibara/imagen_015.jpg,capibara,0
C:/Users/Natalia/Desktop/PADIA/endansys/dataset/training/Capibara/imagen_016.jpg,capibara,0
C:/Users/Natalia/Desktop/PADIA/endansys/dataset/training/Capibara/imagen_017.jpg,capibara,0
C:/Users/Natalia/Desktop/PADIA/endansys/dataset/training/Capibara/imagen_019.jpg,capibara,0
C:/Users/Natalia/Desktop/PADIA/endansys/dataset/training/Capibara/imagen_020.jpg,capibara,0
C:/Users/Natalia/Desktop/PADIA/endansys/dataset/training/Capibara/imagen_021.jpg,capibara,0
C:/Users/Natalia/Desktop/PADIA/endansys/dataset/training/Capibara/imagen_022.jpg,capibara,0
C:/Users/Natalia/Desktop/PADIA/endansys/dataset/training/Capibara/imagen_023.jpg,capibara,0
C:/Users/Natalia/Desktop/PADIA/endansys/dataset/training/Capibara/imagen_025.jpg,capibara,0
C:/Users/Natalia/Desktop/PADIA/endansys/dataset/training/Caracara/15.jpg,caracara,0
C:/Users/Natalia/Desktop/PADIA/endansys/dataset/training/Caracara/16.jpg,caracara,0
C:/Users/Natalia/Desktop/PADIA/endansys/dataset/training/Caracara/19.jpg,caracara,0
C:/Users/Natalia/Desktop/PADIA/endansys/dataset/training/Caracara/2.jpg,caracara,0
C:/Users/Natalia/Desktop/PADIA/endansys/dataset/training/Caracara/22.jpg,caracara,0
C:/Users/Natalia/Desktop/PADIA/endansys/dataset/training/Caracara/26.jpg,caracara,0
C:/Users/Natalia/Desktop/PADIA/endansys/dataset/training/Caracara/37.jpg,caracara,0
C:/Users/Natalia/Desktop/PADIA/endansys/dataset/training/Caracara/38.jpg,caracara,0
C:/Users/Natalia/Desktop/PADIA/endansys/dataset/training/Caracara/44.jpg,caracara,0
C:/Users/Natalia/Desktop/PADIA/endansys/dataset/training/Caracara/45.jpg,caracara,0
C:/Users/Natalia/Desktop/PADIA/endansys/dataset/training/Caracara/49.jpg,caracara,0
C:/Users/Natalia/Desktop/PADIA/endansys/dataset/training/Caracara/5.jpg,caracara,0
C:/Users/Natalia/Desktop/PADIA/endansys/dataset/training/Caracara/50.jpg,caracara,0
C:/Users/Natalia/Desktop/PADIA/endansys/dataset/training/Caracara/6.jpg,caracara,0
C:/Users/Natalia/Desktop/PADIA/endansys/dataset/training/Caracara/imagen_001.jpg,caracara,0
C:/Users/Natalia/Desktop/PADIA/endansys/dataset/training/Caracara/imagen_002.jpg,caracara,0
C:/Users/Natalia/Desktop/PADIA/endansys/dataset/training/Caracara/imagen_003.jpg,caracara,0
C:/Users/Natalia/Desktop/PADIA/endansys/dataset/training/Caracara/imagen_004.jpg,caracara,0
C:/Users/Natalia/Desktop/PADIA/endansys/dataset/training/Caracara/imagen_005.jpg,caracara,0
C:/Users/Natalia/Desktop/PADIA/endansys/dataset/training/Caracara/imagen_006.jpg,caracara,0
C:/Users/Natalia/Desktop/PADIA/endansys/dataset/training/Caracara/imagen_007.jpg,caracara,0
C:/Users/Natalia/Desktop/PADIA/endansys/dataset/training/Caracara/imagen_008.jpg,caracara,0
C:/Users/Natalia/Desktop/PADIA/endansys/dataset/training/Caracara/imagen_009.jpg,caracara,0
C:/Users/Natalia/Desktop/PADIA/endansys/dataset/training/Caracara/imagen_010.jpg,caracara,0
C:/Users/Natalia/Desktop/PADIA/endansys/dataset/training/Caracara/imagen_011.jpg,caracara,0
C:/Users/Natalia/Desktop/PADIA/endansys/dataset/training/Caracara/imagen_012.jpg,caracara,0
C:/Users/Natalia/Desktop/PADIA/endansys/dataset/training/Caracara/imagen_013.jpg,caracara,0
C:/Users/Natalia/Desktop/PADIA/endansys/dataset/training/Caracara/imagen_014.jpg,caracara,0
C:/Users/Natalia/Desktop/PADIA/endansys/dataset/training/Caracara/imagen_015.jpg,caracara,0
C:/Users/Natalia/Desktop/PADIA/endansys/dataset/training/Caracara/imagen_016.jpg,caracara,0
C:/Users/Natalia/Desktop/PADIA/endansys/dataset/training/Caracara/imagen_017.jpg,caracara,0
C:/Users/Natalia/Desktop/PADIA/endansys/dataset/training/Caracara/imagen_018.jpg,caracara,0
C:/Users/Natalia/Desktop/PADIA/endansys/dataset/training/Caracara/imagen_019.jpg,caracara,0
C:/Users/Natalia/Desktop/PADIA/endansys/dataset/training/Caracara/imagen_020.jpg,caracara,0
C:/Users/Natalia/Desktop/PADIA/endansys/dataset/training/Caracara/imagen_021.jpg,caracara,0
C:/Users/Natalia/Desktop/PADIA/endansys/dataset/training/Caracara/imagen_022.jpg,caracara,0
C:/Users/Natalia/Desktop/PADIA/endansys/dataset/training/Caracara/imagen_023.jpg,caracara,0
C:/Users/Natalia/Desktop/PADIA/endansys/dataset/training/Caracara/imagen_024.jpg,caracara,0
C:/Users/Natalia/Desktop/PADIA/endansys/dataset/training/Caracara/imagen_025.jpg,caracara,0
C:/Users/Natalia/Desktop/PADIA/endansys/dataset/training/Colibri_esmeralda/11.jpg,colibri esmeralda,0
C:/Users/Natalia/Desktop/PADIA/endansys/dataset/training/Colibri_esmeralda/15.jpg,colibri esmeralda,0
C:/Users/Natalia/Desktop/PADIA/endansys/dataset/training/Colibri_esmeralda/16.jpg,colibri esmeralda,0
C:/Users/Natalia/Desktop/PADIA/endansys/dataset/training/Colibri_esmeralda/18.jpg,colibri esmeralda,0
C:/Users/Natalia/Desktop/PADIA/endansys/dataset/training/Colibri_esmeralda/21.jpg,colibri esmeralda,0
C:/Users/Natalia/Desktop/PADIA/endansys/dataset/training/Colibri_esmeralda/22.jpg,colibri esmeralda,0
C:/Users/Natalia/Desktop/PADIA/endansys/dataset/training/Colibri_esmeralda/23.jpg,colibri esmeralda,0
C:/Users/Natalia/Desktop/PADIA/endansys/dataset/training/Colibri_esmeralda/26.jpg,colibri esmeralda,0
C:/Users/Natalia/Desktop/PADIA/endansys/dataset/training/Colibri_esmeralda/28.jpg,colibri esmeralda,0
C:/Users/Natalia/Desktop/PADIA/endansys/dataset/training/Colibri_esmeralda/30.jpg,colibri esmeralda,0
C:/Users/Natalia/Desktop/PADIA/endansys/dataset/training/Colibri_esmeralda/32.jpg,colibri esmeralda,0
C:/Users/Natalia/Desktop/PADIA/endansys/dataset/training/Colibri_esmeralda/36.jpg,colibri esmeralda,0
C:/Users/Natalia/Desktop/PADIA/endansys/dataset/training/Colibri_esmeralda/37.jpg,colibri esmeralda,0
C:/Users/Natalia/Desktop/PADIA/endansys/dataset/training/Colibri_esmeralda/38.jpg,colibri esmeralda,0
C:/Users/Natalia/Desktop/PADIA/endansys/dataset/training/Colibri_esmeralda/39.jpg,colibri esmeralda,0
C:/Users/Natalia/Desktop/PADIA/endansys/dataset/training/Colibri_esmeralda/4.jpg,colibri esmeralda,0
C:/Users/Natalia/Desktop/PADIA/endansys/dataset/training/Colibri_esmeralda/40.jpg,colibri esmeralda,0
C:/Users/Natalia/Desktop/PADIA/endansys/dataset/training/Colibri_esmeralda/43.jpg,colibri esmeralda,0
C:/Users/Natalia/Desktop/PADIA/endansys/dataset/training/Colibri_esmeralda/44.jpg,colibri esmeralda,0
C:/Users/Natalia/Desktop/PADIA/endansys/dataset/training/Colibri_esmeralda/46.jpg,colibri esmeralda,0
C:/Users/Natalia/Desktop/PADIA/endansys/dataset/training/Colibri_esmeralda/47.jpg,colibri esmeralda,0
C:/Users/Natalia/Desktop/PADIA/endansys/dataset/training/Colibri_esmeralda/48.jpg,colibri esmeralda,0
C:/Users/Natalia/Desktop/PADIA/endansys/dataset/training/Colibri_esmeralda/49.jpg,colibri esmeralda,0
C:/Users/Natalia/Desktop/PADIA/endansys/dataset/training/Colibri_esmeralda/5.jpg,colibri esmeralda,0
C:/Users/Natalia/Desktop/PADIA/endansys/dataset/training/Colibri_esmeralda/50.jpg,colibri esmeralda,0
C:/Users/Natalia/Desktop/PADIA/endansys/dataset/training/Colibri_esmeralda/7.jpg,colibri esmeralda,0
C:/Users/Natalia/Desktop/PADIA/endansys/dataset/training/Colibri_esmeralda/8.jpg,colibri esmeralda,0
C:/Users/Natalia/Desktop/PADIA/endansys/dataset/training/Colibri_esmeralda/9.jpg,colibri esmeralda,0
C:/Users/Natalia/Desktop/PADIA/endansys/dataset/training/Colibri_esmeralda/imagen_001.jpg,colibri esmeralda,0
C:/Users/Natalia/Desktop/PADIA/endansys/dataset/training/Colibri_esmeralda/imagen_002.jpg,colibri esmeralda,0
C:/Users/Natalia/Desktop/PADIA/endansys/dataset/training/Colibri_esmeralda/imagen_003.jpg,colibri esmeralda,0
C:/Users/Natalia/Desktop/PADIA/endansys/dataset/training/Colibri_esmeralda/imagen_004.jpg,colibri esmeralda,0
C:/Users/Natalia/Desktop/PADIA/endansys/dataset/training/Colibri_esmeralda/imagen_005.jpg,colibri esmeralda,0
C:/Users/Natalia/Desktop/PADIA/endansys/dataset/training/Colibri_esmeralda/imagen_006.jpg,colibri esmeralda,0
C:/Users/Natalia/Desktop/PADIA/endansys/dataset/training/Colibri_esmeralda/imagen_007.jpg,colibri esmeralda,0
C:/Users/Natalia/Desktop/PADIA/endansys/dataset/training/Colibri_esmeralda/imagen_008.jpg,colibri esmeralda,0
C:/Users/Natalia/Desktop/PADIA/endansys/dataset/training/Colibri_esmeralda/imagen_009.jpg,colibri esmeralda,0
C:/Users/Natalia/Desktop/PADIA/endansys/dataset/training/Colibri_esmeralda/imagen_010.jpg,colibri esmeralda,0
C:/Users/Natalia/Desktop/PADIA/endansys/dataset/training/Colibri_esmeralda/imagen_011.jpg,colibri esmeralda,0
C:/Users/Natalia/Desktop/PADIA/endansys/dataset/training/Colibri_esmeralda/imagen_012.jpg,colibri esmeralda,0
C:/Users/Natalia/Desktop/PADIA/endansys/dataset/training/Colibri_esmeralda/imagen_013.jpg,colibri esmeralda,0
C:/Users/Natalia/Desktop/PADIA/endansys/dataset/training/Colibri_esmeralda/imagen_014.jpg,colibri esmeralda,0
C:/Users/Natalia/Desktop/PADIA/endansys/dataset/training/Colibri_esmeralda/imagen_015.jpg,colibri esmeralda,0
C:/Users/Natalia/Desktop/PADIA/endansys/dataset/training/Colibri_esmeralda/imagen_016.jpg,colibri esmeralda,0
C:/Users/Natalia/Desktop/PADIA/endansys/dataset/training/Colibri_esmeralda/imagen_017.jpg,colibri esmeralda,0
C:/Users/Natalia/Desktop/PADIA/endansys/dataset/training/Colibri_esmeralda/imagen_018.jpg,colibri esmeralda,0
C:/Users/Natalia/Desktop/PADIA/endansys/dataset/training/Colibri_esmeralda/imagen_019.jpg,colibri esmeralda,0
C:/Users/Natalia/Desktop/PADIA/endansys/dataset/training/Colibri_esmeralda/imagen_020.jpg,colibri esmeralda,0
C:/Users/Natalia/Desktop/PADIA/endansys/dataset/training/Colibri_esmeralda/imagen_021.jpg,colibri esmeralda,0
C:/Users/Natalia/Desktop/PADIA/endansys/dataset/training/Colibri_esmeralda/imagen_022.jpg,colibri esmeralda,0
C:/Users/Natalia/Desktop/PADIA/endansys/dataset/training/Colibri_esmeralda/imagen_023.jpg,colibri esmeralda,0
C:/Users/Natalia/Desktop/PADIA/endansys/dataset/training/Colibri_esmeralda/imagen_024.jpg,colibri esmeralda,0
C:/Users/Natalia/Desktop/PADIA/endansys/dataset/training/Colibri_esmeralda/imagen_025.jpg,colibri esmeralda,0
C:/Users/Natalia/Desktop/PADIA/endansys/dataset/training/Colibri_esmeralda/imagen_026.jpg,colibri esmeralda,0
C:/Users/Natalia/Desktop/PADIA/endansys/dataset/training/Colibri_esmeralda/imagen_027.jpg,colibri esmeralda,0
C:/Users/Natalia/Desktop/PADIA/endansys/dataset/training/Colibri_esmeralda/imagen_028.jpg,colibri esmeralda,0
C:/Users/Natalia/Desktop/PADIA/endansys/dataset/training/Condor_de_los_Andes_peligro/1.jpg,condor de los andes,1
C:/Users/Natalia/Desktop/PADIA/endansys/dataset/training/Condor_de_los_Andes_peligro/10.jpg,condor de los andes,1
C:/Users/Natalia/Desktop/PADIA/endansys/dataset/training/Condor_de_los_Andes_peligro/14.jpg,condor de los andes,1
C:/Users/Natalia/Desktop/PADIA/endansys/dataset/training/Condor_de_los_Andes_peligro/15.jpg,condor de los andes,1
C:/Users/Natalia/Desktop/PADIA/endansys/dataset/training/Condor_de_los_Andes_peligro/16.jpg,condor de los andes,1
C:/Users/Natalia/Desktop/PADIA/endansys/dataset/training/Condor_de_los_Andes_peligro/20.jpg,condor de los andes,1
C:/Users/Natalia/Desktop/PADIA/endansys/dataset/training/Condor_de_los_Andes_peligro/22.jpg,condor de los andes,1
C:/Users/Natalia/Desktop/PADIA/endansys/dataset/training/Condor_de_los_Andes_peligro/23.jpg,condor de los andes,1
C:/Users/Natalia/Desktop/PADIA/endansys/dataset/training/Condor_de_los_Andes_peligro/27.jpg,condor de los andes,1
C:/Users/Natalia/Desktop/PADIA/endansys/dataset/training/Condor_de_los_Andes_peligro/28.jpg,condor de los andes,1
C:/Users/Natalia/Desktop/PADIA/endansys/dataset/training/Condor_de_los_Andes_peligro/29.jpg,condor de los andes,1
C:/Users/Natalia/Desktop/PADIA/endansys/dataset/training/Condor_de_los_Andes_peligro/30.jpg,condor de los andes,1
C:/Users/Natalia/Desktop/PADIA/endansys/dataset/training/Condor_de_los_Andes_peligro/31.jpg,condor de los andes,1
C:/Users/Natalia/Desktop/PADIA/endansys/dataset/training/Condor_de_los_Andes_peligro/34.jpg,condor de los andes,1
C:/Users/Natalia/Desktop/PADIA/endansys/dataset/training/Condor_de_los_Andes_peligro/36.jpg,condor de los andes,1
C:/Users/Natalia/Desktop/PADIA/endansys/dataset/training/Condor_de_los_Andes_peligro/37.jpg,condor de los andes,1
C:/Users/Natalia/Desktop/PADIA/endansys/dataset/training/Condor_de_los_Andes_peligro/38.jpg,condor de los andes,1
C:/Users/Natalia/Desktop/PADIA/endansys/dataset/training/Condor_de_los_Andes_peligro/4.jpg,condor de los andes,1
C:/Users/Natalia/Desktop/PADIA/endansys/dataset/training/Condor_de_los_Andes_peligro/40.jpg,condor de los andes,1
C:/Users/Natalia/Desktop/PADIA/endansys/dataset/training/Condor_de_los_Andes_peligro/45.jpg,condor de los andes,1
C:/Users/Natalia/Desktop/PADIA/endansys/dataset/training/Condor_de_los_Andes_peligro/49.jpg,condor de los andes,1
C:/Users/Natalia/Desktop/PADIA/endansys/dataset/training/Condor_de_los_Andes_peligro/5.jpg,condor de los andes,1
C:/Users/Natalia/Desktop/PADIA/endansys/dataset/training/Condor_de_los_Andes_peligro/7.jpg,condor de los andes,1
C:/Users/Natalia/Desktop/PADIA/endansys/dataset/training/Condor_de_los_Andes_peligro/9.jpg,condor de los andes,1
C:/Users/Natalia/Desktop/PADIA/endansys/dataset/training/Condor_de_los_Andes_peligro/imagen_001.jpg,condor de los andes,1
C:/Users/Natalia/Desktop/PADIA/endansys/dataset/training/Condor_de_los_Andes_peligro/imagen_002.jpg,condor de los andes,1
C:/Users/Natalia/Desktop/PADIA/endansys/dataset/training/Condor_de_los_Andes_peligro/imagen_003.jpg,condor de los andes,1
C:/Users/Natalia/Desktop/PADIA/endansys/dataset/training/Condor_de_los_Andes_peligro/imagen_004.jpg,condor de los andes,1
C:/Users/Natalia/Desktop/PADIA/endansys/dataset/training/Condor_de_los_Andes_peligro/imagen_005.jpg,condor de los andes,1
C:/Users/Natalia/Desktop/PADIA/endansys/dataset/training/Condor_de_los_Andes_peligro/imagen_006.jpg,condor de los andes,1
C:/Users/Natalia/Desktop/PADIA/endansys/dataset/training/Condor_de_los_Andes_peligro/imagen_007.jpg,condor de los andes,1
C:/Users/Natalia/Desktop/PADIA/endansys/dataset/training/Condor_de_los_Andes_peligro/imagen_008.jpg,condor de los andes,1
C:/Users/Natalia/Desktop/PADIA/endansys/dataset/training/Condor_de_los_Andes_peligro/imagen_009.jpg,condor de los andes,1
C:/Users/Natalia/Desktop/PADIA/endansys/dataset/training/Condor_de_los_Andes_peligro/imagen_010.jpg,condor de los andes,1
C:/Users/Natalia/Desktop/PADIA/endansys/dataset/training/Condor_de_los_Andes_peligro/imagen_011.jpg,condor de los andes,1
C:/Users/Natalia/Desktop/PADIA/endansys/dataset/training/Condor_de_los_Andes_peligro/imagen_012.jpg,condor de los andes,1
C:/Users/Natalia/Desktop/PADIA/endansys/dataset/training/Condor_de_los_Andes_peligro/imagen_013.jpg,condor de los andes,1
C:/Users/Natalia/Desktop/PADIA/endansys/dataset/training/Condor_de_los_Andes_peligro/imagen_014.jpg,condor de los andes,1
C:/Users/Natalia/Desktop/PADIA/endansys/dataset/training/Condor_de_los_Andes_peligro/imagen_015.jpg,condor de los andes,1
C:/Users/Natalia/Desktop/PADIA/endansys/dataset/training/Condor_de_los_Andes_peligro/imagen_016.jpg,condor de los andes,1
C:/Users/Natalia/Desktop/PADIA/endansys/dataset/training/Condor_de_los_Andes_peligro/imagen_017.jpg,condor de los andes,1
C:/Users/Natalia/Desktop/PADIA/endansys/dataset/training/Condor_de_los_Andes_peligro/imagen_018.jpg,condor de los andes,1
C:/Users/Natalia/Desktop/PADIA/endansys/dataset/training/Condor_de_los_Andes_peligro/imagen_019.jpg,condor de los andes,1
C:/Users/Natalia/Desktop/PADIA/endansys/dataset/training/Condor_de_los_Andes_peligro/imagen_020.jpg,condor de los andes,1
C:/Users/Natalia/Desktop/PADIA/endansys/dataset/training/Condor_de_los_Andes_peligro/imagen_021.jpg,condor de los andes,1
C:/Users/Natalia/Desktop/PADIA/endansys/dataset/training/Condor_de_los_Andes_peligro/imagen_022.jpg,condor de los andes,1
C:/Users/Natalia/Desktop/PADIA/endansys/dataset/training/Condor_de_los_Andes_peligro/imagen_023.jpg,condor de los andes,1
C:/Users/Natalia/Desktop/PADIA/endansys/dataset/training/Cusumbo/11.jpg,cusumbo,0
C:/Users/Natalia/Desktop/PADIA/endansys/dataset/training/Cusumbo/12.jpg,cusumbo,0
C:/Users/Natalia/Desktop/PADIA/endansys/dataset/training/Cusumbo/13.jpg,cusumbo,0
C:/Users/Natalia/Desktop/PADIA/endansys/dataset/training/Cusumbo/15.jpg,cusumbo,0
C:/Users/Natalia/Desktop/PADIA/endansys/dataset/training/Cusumbo/17.jpg,cusumbo,0
C:/Users/Natalia/Desktop/PADIA/endansys/dataset/training/Cusumbo/18.jpg,cusumbo,0
C:/Users/Natalia/Desktop/PADIA/endansys/dataset/training/Cusumbo/19.jpg,cusumbo,0
C:/Users/Natalia/Desktop/PADIA/endansys/dataset/training/Cusumbo/24.jpg,cusumbo,0
C:/Users/Natalia/Desktop/PADIA/endansys/dataset/training/Cusumbo/26.jpg,cusumbo,0
C:/Users/Natalia/Desktop/PADIA/endansys/dataset/training/Cusumbo/27.jpg,cusumbo,0
C:/Users/Natalia/Desktop/PADIA/endansys/dataset/training/Cusumbo/28.jpg,cusumbo,0
C:/Users/Natalia/Desktop/PADIA/endansys/dataset/training/Cusumbo/29.jpg,cusumbo,0
C:/Users/Natalia/Desktop/PADIA/endansys/dataset/training/Cusumbo/3.jpg,cusumbo,0
C:/Users/Natalia/Desktop/PADIA/endansys/dataset/training/Cusumbo/30.jpg,cusumbo,0
C:/Users/Natalia/Desktop/PADIA/endansys/dataset/training/Cusumbo/31.jpg,cusumbo,0
C:/Users/Natalia/Desktop/PADIA/endansys/dataset/training/Cusumbo/32.jpg,cusumbo,0
C:/Users/Natalia/Desktop/PADIA/endansys/dataset/training/Cusumbo/33.jpg,cusumbo,0
C:/Users/Natalia/Desktop/PADIA/endansys/dataset/training/Cusumbo/36.jpg,cusumbo,0
C:/Users/Natalia/Desktop/PADIA/endansys/dataset/training/Cusumbo/39.jpg,cusumbo,0
C:/Users/Natalia/Desktop/PADIA/endansys/dataset/training/Cusumbo/41.jpg,cusumbo,0
C:/Users/Natalia/Desktop/PADIA/endansys/dataset/training/Cusumbo/43.jpg,cusumbo,0
C:/Users/Natalia/Desktop/PADIA/endansys/dataset/training/Cusumbo/44.jpg,cusumbo,0
C:/Users/Natalia/Desktop/PADIA/endansys/dataset/training/Cusumbo/46.jpg,cusumbo,0
C:/Users/Natalia/Desktop/PADIA/endansys/dataset/training/Cusumbo/47.jpg,cusumbo,0
C:/Users/Natalia/Desktop/PADIA/endansys/dataset/training/Cusumbo/5.jpg,cusumbo,0
C:/Users/Natalia/Desktop/PADIA/endansys/dataset/training/Cusumbo/6.jpg,cusumbo,0
C:/Users/Natalia/Desktop/PADIA/endansys/dataset/training/Cusumbo/7.jpg,cusumbo,0
C:/Users/Natalia/Desktop/PADIA/endansys/dataset/training/Cusumbo/8.jpg,cusumbo,0
C:/Users/Natalia/Desktop/PADIA/endansys/dataset/training/Cusumbo/imagen_001.jpg,cusumbo,0
C:/Users/Natalia/Desktop/PADIA/endansys/dataset/training/Cusumbo/imagen_002.jpg,cusumbo,0
C:/Users/Natalia/Desktop/PADIA/endansys/dataset/training/Cusumbo/imagen_003.jpg,cusumbo,0
C:/Users/Natalia/Desktop/PADIA/endansys/dataset/training/Cusumbo/imagen_004.jpg,cusumbo,0
C:/Users/Natalia/Desktop/PADIA/endansys/dataset/training/Cusumbo/imagen_005.jpg,cusumbo,0
C:/Users/Natalia/Desktop/PADIA/endansys/dataset/training/Cusumbo/imagen_006.jpg,cusumbo,0
C:/Users/Natalia/Desktop/PADIA/endansys/dataset/training/Cusumbo/imagen_007.jpg,cusumbo,0
C:/Users/Natalia/Desktop/PADIA/endansys/dataset/training/Cusumbo/imagen_008.jpg,cusumbo,0
C:/Users/Natalia/Desktop/PADIA/endansys/dataset/training/Cusumbo/imagen_009.jpg,cusumbo,0
C:/Users/Natalia/Desktop/PADIA/endansys/dataset/training/Cusumbo/imagen_010.jpg,cusumbo,0
C:/Users/Natalia/Desktop/PADIA/endansys/dataset/training/Cusumbo/imagen_011.jpg,cusumbo,0
C:/Users/Natalia/Desktop/PADIA/endansys/dataset/training/Cusumbo/imagen_012.jpg,cusumbo,0
C:/Users/Natalia/Desktop/PADIA/endansys/dataset/training/Cusumbo/imagen_013.jpg,cusumbo,0
C:/Users/Natalia/Desktop/PADIA/endansys/dataset/training/Cusumbo/imagen_014.jpg,cusumbo,0
C:/Users/Natalia/Desktop/PADIA/endansys/dataset/training/Cusumbo/imagen_015.jpg,cusumbo,0
C:/Users/Natalia/Desktop/PADIA/endansys/dataset/training/Cusumbo/imagen_016.jpg,cusumbo,0
C:/Users/Natalia/Desktop/PADIA/endansys/dataset/training/Cusumbo/imagen_017.jpg,cusumbo,0
C:/Users/Natalia/Desktop/PADIA/endansys/dataset/training/Cusumbo/imagen_018.jpg,cusumbo,0
C:/Users/Natalia/Desktop/PADIA/endansys/dataset/training/Cusumbo/imagen_019.jpg,cusumbo,0
C:/Users/Natalia/Desktop/PADIA/endansys/dataset/training/Cusumbo/imagen_020.jpg,cusumbo,0
C:/Users/Natalia/Desktop/PADIA/endansys/dataset/training/Cusumbo/imagen_021.jpg,cusumbo,0
C:/Users/Natalia/Desktop/PADIA/endansys/dataset/training/Cusumbo/imagen_022.jpg,cusumbo,0
C:/Users/Natalia/Desktop/PADIA/endansys/dataset/training/Cusumbo/imagen_023.jpg,cusumbo,0
C:/Users/Natalia/Desktop/PADIA/endansys/dataset/training/Cusumbo/imagen_024.jpg,cusumbo,0
C:/Users/Natalia/Desktop/PADIA/endansys/dataset/training/Cusumbo/imagen_025.jpg,cusumbo,0
C:/Users/Natalia/Desktop/PADIA/endansys/dataset/training/Cusumbo/imagen_026.jpg,cusumbo,0
C:/Users/Natalia/Desktop/PADIA/endansys/dataset/training/Cusumbo/imagen_027.jpg,cusumbo,0
C:/Users/Natalia/Desktop/PADIA/endansys/dataset/training/Cusumbo/imagen_028.jpg,cusumbo,0
C:/Users/Natalia/Desktop/PADIA/endansys/dataset/training/Cusumbo/imagen_029.jpg,cusumbo,0
C:/Users/Natalia/Desktop/PADIA/endansys/dataset/training/Cusumbo/imagen_030.jpg,cusumbo,0
C:/Users/Natalia/Desktop/PADIA/endansys/dataset/training/Cusumbo/imagen_031.jpg,cusumbo,0
C:/Users/Natalia/Desktop/PADIA/endansys/dataset/training/Cusumbo/imagen_032.jpg,cusumbo,0
C:/Users/Natalia/Desktop/PADIA/endansys/dataset/training/Delfin_rosado_peligro/1.jpg,delfin rosado,1
C:/Users/Natalia/Desktop/PADIA/endansys/dataset/training/Delfin_rosado_peligro/11.jpg,delfin rosado,1
C:/Users/Natalia/Desktop/PADIA/endansys/dataset/training/Delfin_rosado_peligro/13.jpg,delfin rosado,1
C:/Users/Natalia/Desktop/PADIA/endansys/dataset/training/Delfin_rosado_peligro/15.jpg,delfin rosado,1
C:/Users/Natalia/Desktop/PADIA/endansys/dataset/training/Delfin_rosado_peligro/16.jpg,delfin rosado,1
C:/Users/Natalia/Desktop/PADIA/endansys/dataset/training/Delfin_rosado_peligro/23.jpg,delfin rosado,1
C:/Users/Natalia/Desktop/PADIA/endansys/dataset/training/Delfin_rosado_peligro/24.jpg,delfin rosado,1
C:/Users/Natalia/Desktop/PADIA/endansys/dataset/training/Delfin_rosado_peligro/25.jpg,delfin rosado,1
C:/Users/Natalia/Desktop/PADIA/endansys/dataset/training/Delfin_rosado_peligro/26.jpg,delfin rosado,1
C:/Users/Natalia/Desktop/PADIA/endansys/dataset/training/Delfin_rosado_peligro/29.jpg,delfin rosado,1
C:/Users/Natalia/Desktop/PADIA/endansys/dataset/training/Delfin_rosado_peligro/3.jpg,delfin rosado,1
C:/Users/Natalia/Desktop/PADIA/endansys/dataset/training/Delfin_rosado_peligro/32.jpg,delfin rosado,1
C:/Users/Natalia/Desktop/PADIA/endansys/dataset/training/Delfin_rosado_peligro/33.jpg,delfin rosado,1
C:/Users/Natalia/Desktop/PADIA/endansys/dataset/training/Delfin_rosado_peligro/34.jpg,delfin rosado,1
C:/Users/Natalia/Desktop/PADIA/endansys/dataset/training/Delfin_rosado_peligro/36.jpg,delfin rosado,1
C:/Users/Natalia/Desktop/PADIA/endansys/dataset/training/Delfin_rosado_peligro/39.jpg,delfin rosado,1
C:/Users/Natalia/Desktop/PADIA/endansys/dataset/training/Delfin_rosado_peligro/44.jpg,delfin rosado,1
C:/Users/Natalia/Desktop/PADIA/endansys/dataset/training/Delfin_rosado_peligro/46.jpg,delfin rosado,1
C:/Users/Natalia/Desktop/PADIA/endansys/dataset/training/Delfin_rosado_peligro/47.jpg,delfin rosado,1
C:/Users/Natalia/Desktop/PADIA/endansys/dataset/training/Delfin_rosado_peligro/5.jpg,delfin rosado,1
C:/Users/Natalia/Desktop/PADIA/endansys/dataset/training/Delfin_rosado_peligro/6.jpg,delfin rosado,1
C:/Users/Natalia/Desktop/PADIA/endansys/dataset/training/Delfin_rosado_peligro/7.jpg,delfin rosado,1
C:/Users/Natalia/Desktop/PADIA/endansys/dataset/training/Delfin_rosado_peligro/8.jpg,delfin rosado,1
C:/Users/Natalia/Desktop/PADIA/endansys/dataset/training/Delfin_rosado_peligro/imagen_001.jpg,delfin rosado,1
C:/Users/Natalia/Desktop/PADIA/endansys/dataset/training/Delfin_rosado_peligro/imagen_002.jpg,delfin rosado,1
C:/Users/Natalia/Desktop/PADIA/endansys/dataset/training/Delfin_rosado_peligro/imagen_003.jpg,delfin rosado,1
C:/Users/Natalia/Desktop/PADIA/endansys/dataset/training/Delfin_rosado_peligro/imagen_004.jpg,delfin rosado,1
C:/Users/Natalia/Desktop/PADIA/endansys/dataset/training/Delfin_rosado_peligro/imagen_005.jpg,delfin rosado,1
C:/Users/Natalia/Desktop/PADIA/endansys/dataset/training/Delfin_rosado_peligro/imagen_006.jpg,delfin rosado,1
C:/Users/Natalia/Desktop/PADIA/endansys/dataset/training/Delfin_rosado_peligro/imagen_007.jpg,delfin rosado,1
C:/Users/Natalia/Desktop/PADIA/endansys/dataset/training/Delfin_rosado_peligro/imagen_008.jpg,delfin rosado,1
C:/Users/Natalia/Desktop/PADIA/endansys/dataset/training/Delfin_rosado_peligro/imagen_009.jpg,delfin rosado,1
C:/Users/Natalia/Desktop/PADIA/endansys/dataset/training/Delfin_rosado_peligro/imagen_010.jpg,delfin rosado,1
C:/Users/Natalia/Desktop/PADIA/endansys/dataset/training/Delfin_rosado_peligro/imagen_011.jpg,delfin rosado,1
C:/Users/Natalia/Desktop/PADIA/endansys/dataset/training/Delfin_rosado_peligro/imagen_012.jpg,delfin rosado,1
C:/Users/Natalia/Desktop/PADIA/endansys/dataset/training/Delfin_rosado_peligro/imagen_013.jpg,delfin rosado,1
C:/Users/Natalia/Desktop/PADIA/endansys/dataset/training/Delfin_rosado_peligro/imagen_014.jpg,delfin rosado,1
C:/Users/Natalia/Desktop/PADIA/endansys/dataset/training/Delfin_rosado_peligro/imagen_015.jpg,delfin rosado,1
C:/Users/Natalia/Desktop/PADIA/endansys/dataset/training/Delfin_rosado_peligro/imagen_016.jpg,delfin rosado,1
C:/Users/Natalia/Desktop/PADIA/endansys/dataset/training/Delfin_rosado_peligro/imagen_017.jpg,delfin rosado,1
C:/Users/Natalia/Desktop/PADIA/endansys/dataset/training/Delfin_rosado_peligro/imagen_018.jpg,delfin rosado,1
C:/Users/Natalia/Desktop/PADIA/endansys/dataset/training/Delfin_rosado_peligro/imagen_019.jpg,delfin rosado,1
C:/Users/Natalia/Desktop/PADIA/endansys/dataset/training/Delfin_rosado_peligro/imagen_020.jpg,delfin rosado,1
C:/Users/Natalia/Desktop/PADIA/endansys/dataset/training/Delfin_rosado_peligro/imagen_021.jpg,delfin rosado,1
C:/Users/Natalia/Desktop/PADIA/endansys/dataset/training/Delfin_rosado_peligro/imagen_022.jpg,delfin rosado,1
C:/Users/Natalia/Desktop/PADIA/endansys/dataset/training/Delfin_rosado_peligro/imagen_023.jpg,delfin rosado,1
C:/Users/Natalia/Desktop/PADIA/endansys/dataset/training/Delfin_rosado_peligro/imagen_024.jpg,delfin rosado,1
C:/Users/Natalia/Desktop/PADIA/endansys/dataset/training/Delfin_rosado_peligro/imagen_025.jpg,delfin rosado,1
C:/Users/Natalia/Desktop/PADIA/endansys/dataset/training/Delfin_rosado_peligro/imagen_026.jpg,delfin rosado,1
C:/Users/Natalia/Desktop/PADIA/endansys/dataset/training/Delfin_rosado_peligro/imagen_027.jpg,delfin rosado,1
C:/Users/Natalia/Desktop/PADIA/endansys/dataset/training/Delfin_rosado_peligro/imagen_028.jpg,delfin rosado,1
C:/Users/Natalia/Desktop/PADIA/endansys/dataset/training/Delfin_rosado_peligro/imagen_029.jpg,delfin rosado,1
C:/Users/Natalia/Desktop/PADIA/endansys/dataset/training/Delfin_rosado_peligro/imagen_030.jpg,delfin rosado,1
C:/Users/Natalia/Desktop/PADIA/endansys/dataset/training/Delfin_rosado_peligro/imagen_031.jpg,delfin rosado,1
C:/Users/Natalia/Desktop/PADIA/endansys/dataset/training/Delfin_rosado_peligro/imagen_032.jpg,delfin rosado,1
C:/Users/Natalia/Desktop/PADIA/endansys/dataset/training/Flamenco/1.jpg,flamenco,0
C:/Users/Natalia/Desktop/PADIA/endansys/dataset/training/Flamenco/10.jpg,flamenco,0
C:/Users/Natalia/Desktop/PADIA/endansys/dataset/training/Flamenco/11.jpg,flamenco,0
C:/Users/Natalia/Desktop/PADIA/endansys/dataset/training/Flamenco/13.jpg,flamenco,0
C:/Users/Natalia/Desktop/PADIA/endansys/dataset/training/Flamenco/16.jpg,flamenco,0
C:/Users/Natalia/Desktop/PADIA/endansys/dataset/training/Flamenco/17.jpg,flamenco,0
C:/Users/Natalia/Desktop/PADIA/endansys/dataset/training/Flamenco/18.jpg,flamenco,0
C:/Users/Natalia/Desktop/PADIA/endansys/dataset/training/Flamenco/21.jpg,flamenco,0
C:/Users/Natalia/Desktop/PADIA/endansys/dataset/training/Flamenco/22.jpg,flamenco,0
C:/Users/Natalia/Desktop/PADIA/endansys/dataset/training/Flamenco/23.jpg,flamenco,0
C:/Users/Natalia/Desktop/PADIA/endansys/dataset/training/Flamenco/24.jpg,flamenco,0
C:/Users/Natalia/Desktop/PADIA/endansys/dataset/training/Flamenco/25.jpg,flamenco,0
C:/Users/Natalia/Desktop/PADIA/endansys/dataset/training/Flamenco/27.jpg,flamenco,0
C:/Users/Natalia/Desktop/PADIA/endansys/dataset/training/Flamenco/28.jpg,flamenco,0
C:/Users/Natalia/Desktop/PADIA/endansys/dataset/training/Flamenco/3.jpg,flamenco,0
C:/Users/Natalia/Desktop/PADIA/endansys/dataset/training/Flamenco/30.jpg,flamenco,0
C:/Users/Natalia/Desktop/PADIA/endansys/dataset/training/Flamenco/31.jpg,flamenco,0
C:/Users/Natalia/Desktop/PADIA/endansys/dataset/training/Flamenco/35.jpg,flamenco,0
C:/Users/Natalia/Desktop/PADIA/endansys/dataset/training/Flamenco/41.jpg,flamenco,0
C:/Users/Natalia/Desktop/PADIA/endansys/dataset/training/Flamenco/42.jpg,flamenco,0
C:/Users/Natalia/Desktop/PADIA/endansys/dataset/training/Flamenco/44.jpg,flamenco,0
C:/Users/Natalia/Desktop/PADIA/endansys/dataset/training/Flamenco/47.jpg,flamenco,0
C:/Users/Natalia/Desktop/PADIA/endansys/dataset/training/Flamenco/49.jpg,flamenco,0
C:/Users/Natalia/Desktop/PADIA/endansys/dataset/training/Flamenco/5.jpg,flamenco,0
C:/Users/Natalia/Desktop/PADIA/endansys/dataset/training/Flamenco/8.jpg,flamenco,0
C:/Users/Natalia/Desktop/PADIA/endansys/dataset/training/Flamenco/9.jpg,flamenco,0
C:/Users/Natalia/Desktop/PADIA/endansys/dataset/training/Flamenco/imagen_001.jpg,flamenco,0
C:/Users/Natalia/Desktop/PADIA/endansys/dataset/training/Flamenco/imagen_002.jpg,flamenco,0
C:/Users/Natalia/Desktop/PADIA/endansys/dataset/training/Flamenco/imagen_003.jpg,flamenco,0
C:/Users/Natalia/Desktop/PADIA/endansys/dataset/training/Flamenco/imagen_004.jpg,flamenco,0
C:/Users/Natalia/Desktop/PADIA/endansys/dataset/training/Flamenco/imagen_005.jpg,flamenco,0
C:/Users/Natalia/Desktop/PADIA/endansys/dataset/training/Flamenco/imagen_006.jpg,flamenco,0
C:/Users/Natalia/Desktop/PADIA/endansys/dataset/training/Flamenco/imagen_007.jpg,flamenco,0
C:/Users/Natalia/Desktop/PADIA/endansys/dataset/training/Flamenco/imagen_008.jpg,flamenco,0
C:/Users/Natalia/Desktop/PADIA/endansys/dataset/training/Flamenco/imagen_009.jpg,flamenco,0
C:/Users/Natalia/Desktop/PADIA/endansys/dataset/training/Flamenco/imagen_010.jpg,flamenco,0
C:/Users/Natalia/Desktop/PADIA/endansys/dataset/training/Flamenco/imagen_011.jpg,flamenco,0
C:/Users/Natalia/Desktop/PADIA/endansys/dataset/training/Flamenco/imagen_012.jpg,flamenco,0
C:/Users/Natalia/Desktop/PADIA/endansys/dataset/training/Flamenco/imagen_013.jpg,flamenco,0
C:/Users/Natalia/Desktop/PADIA/endansys/dataset/training/Flamenco/imagen_014.jpg,flamenco,0
C:/Users/Natalia/Desktop/PADIA/endansys/dataset/training/Flamenco/imagen_015.jpg,flamenco,0
C:/Users/Natalia/Desktop/PADIA/endansys/dataset/training/Flamenco/imagen_016.jpg,flamenco,0
C:/Users/Natalia/Desktop/PADIA/endansys/dataset/training/Flamenco/imagen_017.jpg,flamenco,0
C:/Users/Natalia/Desktop/PADIA/endansys/dataset/training/Flamenco/imagen_018.jpg,flamenco,0
C:/Users/Natalia/Desktop/PADIA/endansys/dataset/training/Flamenco/imagen_019.jpg,flamenco,0
C:/Users/Natalia/Desktop/PADIA/endansys/dataset/training/Flamenco/imagen_020.jpg,flamenco,0
C:/Users/Natalia/Desktop/PADIA/endansys/dataset/training/Flamenco/imagen_021.jpg,flamenco,0
C:/Users/Natalia/Desktop/PADIA/endansys/dataset/training/Flamenco/imagen_022.jpg,flamenco,0
C:/Users/Natalia/Desktop/PADIA/endansys/dataset/training/Flamenco/imagen_023.jpg,flamenco,0
C:/Users/Natalia/Desktop/PADIA/endansys/dataset/training/Flamenco/imagen_024.jpg,flamenco,0
C:/Users/Natalia/Desktop/PADIA/endansys/dataset/training/Flamenco/imagen_025.jpg,flamenco,0
C:/Users/Natalia/Desktop/PADIA/endansys/dataset/training/Flamenco/imagen_026.jpg,flamenco,0
C:/Users/Natalia/Desktop/PADIA/endansys/dataset/training/Flamenco/imagen_027.jpg,flamenco,0
C:/Users/Natalia/Desktop/PADIA/endansys/dataset/training/Flamenco/imagen_028.jpg,flamenco,0
C:/Users/Natalia/Desktop/PADIA/endansys/dataset/training/Flamenco/imagen_029.jpg,flamenco,0
C:/Users/Natalia/Desktop/PADIA/endansys/dataset/training/Flamenco/imagen_030.jpg,flamenco,0
C:/Users/Natalia/Desktop/PADIA/endansys/dataset/training/Flamenco/imagen_031.jpg,flamenco,0
C:/Users/Natalia/Desktop/PADIA/endansys/dataset/training/Flamenco/imagen_032.jpg,flamenco,0
C:/Users/Natalia/Desktop/PADIA/endansys/dataset/training/Gallito_de_roca/1.jpg,gallito de roca,0
C:/Users/Natalia/Desktop/PADIA/endansys/dataset/training/Gallito_de_roca/10.jpg,gallito de roca,0
C:/Users/Natalia/Desktop/PADIA/endansys/dataset/training/Gallito_de_roca/12.jpg,gallito de roca,0
C:/Users/Natalia/Desktop/PADIA/endansys/dataset/training/Gallito_de_roca/13.jpg,gallito de roca,0
C:/Users/Natalia/Desktop/PADIA/endansys/dataset/training/Gallito_de_roca/14.jpg,gallito de roca,0
C:/Users/Natalia/Desktop/PADIA/endansys/dataset/training/Gallito_de_roca/15.jpg,gallito de roca,0
C:/Users/Natalia/Desktop/PADIA/endansys/dataset/training/Gallito_de_roca/16.jpg,gallito de roca,0
C:/Users/Natalia/Desktop/PADIA/endansys/dataset/training/Gallito_de_roca/17.jpg,gallito de roca,0
C:/Users/Natalia/Desktop/PADIA/endansys/dataset/training/Gallito_de_roca/20.jpg,gallito de roca,0
C:/Users/Natalia/Desktop/PADIA/endansys/dataset/training/Gallito_de_roca/25.jpg,gallito de roca,0
C:/Users/Natalia/Desktop/PADIA/endansys/dataset/training/Gallito_de_roca/26.jpg,gallito de roca,0
C:/Users/Natalia/Desktop/PADIA/endansys/dataset/training/Gallito_de_roca/33.jpg,gallito de roca,0
C:/Users/Natalia/Desktop/PADIA/endansys/dataset/training/Gallito_de_roca/34.jpg,gallito de roca,0
C:/Users/Natalia/Desktop/PADIA/endansys/dataset/training/Gallito_de_roca/36.jpg,gallito de roca,0
C:/Users/Natalia/Desktop/PADIA/endansys/dataset/training/Gallito_de_roca/37.jpg,gallito de roca,0
C:/Users/Natalia/Desktop/PADIA/endansys/dataset/training/Gallito_de_roca/38.jpg,gallito de roca,0
C:/Users/Natalia/Desktop/PADIA/endansys/dataset/training/Gallito_de_roca/41.jpg,gallito de roca,0
C:/Users/Natalia/Desktop/PADIA/endansys/dataset/training/Gallito_de_roca/46.jpg,gallito de roca,0
C:/Users/Natalia/Desktop/PADIA/endansys/dataset/training/Gallito_de_roca/48.jpg,gallito de roca,0
C:/Users/Natalia/Desktop/PADIA/endansys/dataset/training/Gallito_de_roca/49.jpg,gallito de roca,0
C:/Users/Natalia/Desktop/PADIA/endansys/dataset/training/Gallito_de_roca/5.jpg,gallito de roca,0
C:/Users/Natalia/Desktop/PADIA/endansys/dataset/training/Gallito_de_roca/50.jpg,gallito de roca,0
C:/Users/Natalia/Desktop/PADIA/endansys/dataset/training/Gallito_de_roca/7.jpg,gallito de roca,0
C:/Users/Natalia/Desktop/PADIA/endansys/dataset/training/Gallito_de_roca/9.jpg,gallito de roca,0
C:/Users/Natalia/Desktop/PADIA/endansys/dataset/training/Gallito_de_roca/imagen_001.jpg,gallito de roca,0
C:/Users/Natalia/Desktop/PADIA/endansys/dataset/training/Gallito_de_roca/imagen_002.jpg,gallito de roca,0
C:/Users/Natalia/Desktop/PADIA/endansys/dataset/training/Gallito_de_roca/imagen_003.jpg,gallito de roca,0
C:/Users/Natalia/Desktop/PADIA/endansys/dataset/training/Gallito_de_roca/imagen_004.jpg,gallito de roca,0
C:/Users/Natalia/Desktop/PADIA/endansys/dataset/training/Gallito_de_roca/imagen_005.jpg,gallito de roca,0
C:/Users/Natalia/Desktop/PADIA/endansys/dataset/training/Gallito_de_roca/imagen_006.jpg,gallito de roca,0
C:/Users/Natalia/Desktop/PADIA/endansys/dataset/training/Gallito_de_roca/imagen_007.jpg,gallito de roca,0
C:/Users/Natalia/Desktop/PADIA/endansys/dataset/training/Gallito_de_roca/imagen_008.jpg,gallito de roca,0
C:/Users/Natalia/Desktop/PADIA/endansys/dataset/training/Gallito_de_roca/imagen_009.jpg,gallito de roca,0
C:/Users/Natalia/Desktop/PADIA/endansys/dataset/training/Gallito_de_roca/imagen_010.jpg,gallito de roca,0
C:/Users/Natalia/Desktop/PADIA/endansys/dataset/training/Gallito_de_roca/imagen_011.jpg,gallito de roca,0
C:/Users/Natalia/Desktop/PADIA/endansys/dataset/training/Gallito_de_roca/imagen_012.jpg,gallito de roca,0
C:/Users/Natalia/Desktop/PADIA/endansys/dataset/training/Gallito_de_roca/imagen_013.jpg,gallito de roca,0
C:/Users/Natalia/Desktop/PADIA/endansys/dataset/training/Gallito_de_roca/imagen_014.jpg,gallito de roca,0
C:/Users/Natalia/Desktop/PADIA/endansys/dataset/training/Gallito_de_roca/imagen_015.jpg,gallito de roca,0
C:/Users/Natalia/Desktop/PADIA/endansys/dataset/training/Gallito_de_roca/imagen_016.jpg,gallito de roca,0
C:/Users/Natalia/Desktop/PADIA/endansys/dataset/training/Gallito_de_roca/imagen_017.jpg,gallito de roca,0
C:/Users/Natalia/Desktop/PADIA/endansys/dataset/training/Gallito_de_roca/imagen_018.jpg,gallito de roca,0
C:/Users/Natalia/Desktop/PADIA/endansys/dataset/training/Gallito_de_roca/imagen_019.jpg,gallito de roca,0
C:/Users/Natalia/Desktop/PADIA/endansys/dataset/training/Gallito_de_roca/imagen_020.jpg,gallito de roca,0
C:/Users/Natalia/Desktop/PADIA/endansys/dataset/training/Gallito_de_roca/imagen_021.jpg,gallito de roca,0
C:/Users/Natalia/Desktop/PADIA/endansys/dataset/training/Gallito_de_roca/imagen_022.jpg,gallito de roca,0
C:/Users/Natalia/Desktop/PADIA/endansys/dataset/training/Gallito_de_roca/imagen_023.jpg,gallito de roca,0
C:/Users/Natalia/Desktop/PADIA/endansys/dataset/training/Gallito_de_roca/imagen_024.jpg,gallito de roca,0
C:/Users/Natalia/Desktop/PADIA/endansys/dataset/training/Gallito_de_roca/imagen_025.jpg,gallito de roca,0
C:/Users/Natalia/Desktop/PADIA/endansys/dataset/training/Gallito_de_roca/imagen_026.jpg,gallito de roca,0
C:/Users/Natalia/Desktop/PADIA/endansys/dataset/training/Gallito_de_roca/imagen_027.jpg,gallito de roca,0
C:/Users/Natalia/Desktop/PADIA/endansys/dataset/training/Gallito_de_roca/imagen_028.jpg,gallito de roca,0
C:/Users/Natalia/Desktop/PADIA/endansys/dataset/training/Garza_blanca/1.jpg,garza blanca,0
C:/Users/Natalia/Desktop/PADIA/endansys/dataset/training/Garza_blanca/11.jpg,garza blanca,0
C:/Users/Natalia/Desktop/PADIA/endansys/dataset/training/Garza_blanca/12.jpg,garza blanca,0
C:/Users/Natalia/Desktop/PADIA/endansys/dataset/training/Garza_blanca/13.jpg,garza blanca,0
C:/Users/Natalia/Desktop/PADIA/endansys/dataset/training/Garza_blanca/14.jpg,garza blanca,0
C:/Users/Natalia/Desktop/PADIA/endansys/dataset/training/Garza_blanca/17.jpg,garza blanca,0
C:/Users/Natalia/Desktop/PADIA/endansys/dataset/training/Garza_blanca/18.jpg,garza blanca,0
C:/Users/Natalia/Desktop/PADIA/endansys/dataset/training/Garza_blanca/2.jpg,garza blanca,0
C:/Users/Natalia/Desktop/PADIA/endansys/dataset/training/Garza_blanca/20.jpg,garza blanca,0
C:/Users/Natalia/Desktop/PADIA/endansys/dataset/training/Garza_blanca/23.jpg,garza blanca,0
C:/Users/Natalia/Desktop/PADIA/endansys/dataset/training/Garza_blanca/24.jpg,garza blanca,0
C:/Users/Natalia/Desktop/PADIA/endansys/dataset/training/Garza_blanca/25.jpg,garza blanca,0
C:/Users/Natalia/Desktop/PADIA/endansys/dataset/training/Garza_blanca/26.jpg,garza blanca,0
C:/Users/Natalia/Desktop/PADIA/endansys/dataset/training/Garza_blanca/27.jpg,garza blanca,0
C:/Users/Natalia/Desktop/PADIA/endansys/dataset/training/Garza_blanca/28.jpg,garza blanca,0
C:/Users/Natalia/Desktop/PADIA/endansys/dataset/training/Garza_blanca/29.jpg,garza blanca,0
C:/Users/Natalia/Desktop/PADIA/endansys/dataset/training/Garza_blanca/3.jpg,garza blanca,0
C:/Users/Natalia/Desktop/PADIA/endansys/dataset/training/Garza_blanca/32.jpg,garza blanca,0
C:/Users/Natalia/Desktop/PADIA/endansys/dataset/training/Garza_blanca/36.jpg,garza blanca,0
C:/Users/Natalia/Desktop/PADIA/endansys/dataset/training/Garza_blanca/38.jpg,garza blanca,0
C:/Users/Natalia/Desktop/PADIA/endansys/dataset/training/Garza_blanca/39.jpg,garza blanca,0
C:/Users/Natalia/Desktop/PADIA/endansys/dataset/training/Garza_blanca/40.jpg,garza blanca,0
C:/Users/Natalia/Desktop/PADIA/endansys/dataset/training/Garza_blanca/41.jpg,garza blanca,0
C:/Users/Natalia/Desktop/PADIA/endansys/dataset/training/Garza_blanca/42.jpg,garza blanca,0
C:/Users/Natalia/Desktop/PADIA/endansys/dataset/training/Garza_blanca/43.jpg,garza blanca,0
C:/Users/Natalia/Desktop/PADIA/endansys/dataset/training/Garza_blanca/44.jpg,garza blanca,0
C:/Users/Natalia/Desktop/PADIA/endansys/dataset/training/Garza_blanca/46.jpg,garza blanca,0
C:/Users/Natalia/Desktop/PADIA/endansys/dataset/training/Garza_blanca/48.jpg,garza blanca,0
C:/Users/Natalia/Desktop/PADIA/endansys/dataset/training/Garza_blanca/50.jpg,garza blanca,0
C:/Users/Natalia/Desktop/PADIA/endansys/dataset/training/Garza_blanca/imagen_001.jpg,garza blanca,0
C:/Users/Natalia/Desktop/PADIA/endansys/dataset/training/Garza_blanca/imagen_002.jpg,garza blanca,0
C:/Users/Natalia/Desktop/PADIA/endansys/dataset/training/Garza_blanca/imagen_003.jpg,garza blanca,0
C:/Users/Natalia/Desktop/PADIA/endansys/dataset/training/Garza_blanca/imagen_004.jpg,garza blanca,0
C:/Users/Natalia/Desktop/PADIA/endansys/dataset/training/Garza_blanca/imagen_005.jpg,garza blanca,0
C:/Users/Natalia/Desktop/PADIA/endansys/dataset/training/Garza_blanca/imagen_006.jpg,garza blanca,0
C:/Users/Natalia/Desktop/PADIA/endansys/dataset/training/Garza_blanca/imagen_007.jpg,garza blanca,0
C:/Users/Natalia/Desktop/PADIA/endansys/dataset/training/Garza_blanca/imagen_008.jpg,garza blanca,0
C:/Users/Natalia/Desktop/PADIA/endansys/dataset/training/Garza_blanca/imagen_009.jpg,garza blanca,0
C:/Users/Natalia/Desktop/PADIA/endansys/dataset/training/Garza_blanca/imagen_010.jpg,garza blanca,0
C:/Users/Natalia/Desktop/PADIA/endansys/dataset/training/Garza_blanca/imagen_011.jpg,garza blanca,0
C:/Users/Natalia/Desktop/PADIA/endansys/dataset/training/Garza_blanca/imagen_012.jpg,garza blanca,0
C:/Users/Natalia/Desktop/PADIA/endansys/dataset/training/Garza_blanca/imagen_013.jpg,garza blanca,0
C:/Users/Natalia/Desktop/PADIA/endansys/dataset/training/Garza_blanca/imagen_014.jpg,garza blanca,0
C:/Users/Natalia/Desktop/PADIA/endansys/dataset/training/Garza_blanca/imagen_015.jpg,garza blanca,0
C:/Users/Natalia/Desktop/PADIA/endansys/dataset/training/Garza_blanca/imagen_016.jpg,garza blanca,0
C:/Users/Natalia/Desktop/PADIA/endansys/dataset/training/Garza_blanca/imagen_017.jpg,garza blanca,0
C:/Users/Natalia/Desktop/PADIA/endansys/dataset/training/Garza_blanca/imagen_018.jpg,garza blanca,0
C:/Users/Natalia/Desktop/PADIA/endansys/dataset/training/Garza_blanca/imagen_019.jpg,garza blanca,0
C:/Users/Natalia/Desktop/PADIA/endansys/dataset/training/Garza_blanca/imagen_020.jpg,garza blanca,0
C:/Users/Natalia/Desktop/PADIA/endansys/dataset/training/Garza_blanca/imagen_021.jpg,garza blanca,0
C:/Users/Natalia/Desktop/PADIA/endansys/dataset/training/Garza_blanca/imagen_022.jpg,garza blanca,0
C:/Users/Natalia/Desktop/PADIA/endansys/dataset/training/Garza_blanca/imagen_023.jpg,garza blanca,0
C:/Users/Natalia/Desktop/PADIA/endansys/dataset/training/Garza_blanca/imagen_024.jpg,garza blanca,0
C:/Users/Natalia/Desktop/PADIA/endansys/dataset/training/Garza_blanca/imagen_025.jpg,garza blanca,0
C:/Users/Natalia/Desktop/PADIA/endansys/dataset/training/Garza_blanca/imagen_026.jpg,garza blanca,0
C:/Users/Natalia/Desktop/PADIA/endansys/dataset/training/Garza_blanca/imagen_027.jpg,garza blanca,0
C:/Users/Natalia/Desktop/PADIA/endansys/dataset/training/Garza_blanca/imagen_028.jpg,garza blanca,0
C:/Users/Natalia/Desktop/PADIA/endansys/dataset/training/Garza_blanca/imagen_029.jpg,garza blanca,0
C:/Users/Natalia/Desktop/PADIA/endansys/dataset/training/Garza_blanca/imagen_030.jpg,garza blanca,0
C:/Users/Natalia/Desktop/PADIA/endansys/dataset/training/Garza_blanca/imagen_031.jpg,garza blanca,0
C:/Users/Natalia/Desktop/PADIA/endansys/dataset/training/Guacamaya_azulamarilla_peligro/10.jpg,guacamaya azulamarilla,1
C:/Users/Natalia/Desktop/PADIA/endansys/dataset/training/Guacamaya_azulamarilla_peligro/11.jpg,guacamaya azulamarilla,1
C:/Users/Natalia/Desktop/PADIA/endansys/dataset/training/Guacamaya_azulamarilla_peligro/14.jpg,guacamaya azulamarilla,1
C:/Users/Natalia/Desktop/PADIA/endansys/dataset/training/Guacamaya_azulamarilla_peligro/16.jpg,guacamaya azulamarilla,1
C:/Users/Natalia/Desktop/PADIA/endansys/dataset/training/Guacamaya_azulamarilla_peligro/18.jpg,guacamaya azulamarilla,1
C:/Users/Natalia/Desktop/PADIA/endansys/dataset/training/Guacamaya_azulamarilla_peligro/2.jpg,guacamaya azulamarilla,1
C:/Users/Natalia/Desktop/PADIA/endansys/dataset/training/Guacamaya_azulamarilla_peligro/20.jpg,guacamaya azulamarilla,1
C:/Users/Natalia/Desktop/PADIA/endansys/dataset/training/Guacamaya_azulamarilla_peligro/26.jpg,guacamaya azulamarilla,1
C:/Users/Natalia/Desktop/PADIA/endansys/dataset/training/Guacamaya_azulamarilla_peligro/27.jpg,guacamaya azulamarilla,1
C:/Users/Natalia/Desktop/PADIA/endansys/dataset/training/Guacamaya_azulamarilla_peligro/3.jpg,guacamaya azulamarilla,1
C:/Users/Natalia/Desktop/PADIA/endansys/dataset/training/Guacamaya_azulamarilla_peligro/31.jpg,guacamaya azulamarilla,1
C:/Users/Natalia/Desktop/PADIA/endansys/dataset/training/Guacamaya_azulamarilla_peligro/32.jpg,guacamaya azulamarilla,1
C:/Users/Natalia/Desktop/PADIA/endansys/dataset/training/Guacamaya_azulamarilla_peligro/35.jpg,guacamaya azulamarilla,1
C:/Users/Natalia/Desktop/PADIA/endansys/dataset/training/Guacamaya_azulamarilla_peligro/36.jpg,guacamaya azulamarilla,1
C:/Users/Natalia/Desktop/PADIA/endansys/dataset/training/Guacamaya_azulamarilla_peligro/38.jpg,guacamaya azulamarilla,1
C:/Users/Natalia/Desktop/PADIA/endansys/dataset/training/Guacamaya_azulamarilla_peligro/39.jpg,guacamaya azulamarilla,1
C:/Users/Natalia/Desktop/PADIA/endansys/dataset/training/Guacamaya_azulamarilla_peligro/43.jpg,guacamaya azulamarilla,1
C:/Users/Natalia/Desktop/PADIA/endansys/dataset/training/Guacamaya_azulamarilla_peligro/47.jpg,guacamaya azulamarilla,1
C:/Users/Natalia/Desktop/PADIA/endansys/dataset/training/Guacamaya_azulamarilla_peligro/48.jpg,guacamaya azulamarilla,1
C:/Users/Natalia/Desktop/PADIA/endansys/dataset/training/Guacamaya_azulamarilla_peligro/5.jpg,guacamaya azulamarilla,1
C:/Users/Natalia/Desktop/PADIA/endansys/dataset/training/Guacamaya_azulamarilla_peligro/50.jpg,guacamaya azulamarilla,1
C:/Users/Natalia/Desktop/PADIA/endansys/dataset/training/Guacamaya_azulamarilla_peligro/6.jpg,guacamaya azulamarilla,1
C:/Users/Natalia/Desktop/PADIA/endansys/dataset/training/Guacamaya_azulamarilla_peligro/7.jpg,guacamaya azulamarilla,1
C:/Users/Natalia/Desktop/PADIA/endansys/dataset/training/Guacamaya_azulamarilla_peligro/9.jpg,guacamaya azulamarilla,1
C:/Users/Natalia/Desktop/PADIA/endansys/dataset/training/Guacamaya_azulamarilla_peligro/imagen_001.jpg,guacamaya azulamarilla,1
C:/Users/Natalia/Desktop/PADIA/endansys/dataset/training/Guacamaya_azulamarilla_peligro/imagen_002.jpg,guacamaya azulamarilla,1
C:/Users/Natalia/Desktop/PADIA/endansys/dataset/training/Guacamaya_azulamarilla_peligro/imagen_003.jpg,guacamaya azulamarilla,1
C:/Users/Natalia/Desktop/PADIA/endansys/dataset/training/Guacamaya_azulamarilla_peligro/imagen_004.jpg,guacamaya azulamarilla,1
C:/Users/Natalia/Desktop/PADIA/endansys/dataset/training/Guacamaya_azulamarilla_peligro/imagen_005.jpg,guacamaya azulamarilla,1
C:/Users/Natalia/Desktop/PADIA/endansys/dataset/training/Guacamaya_azulamarilla_peligro/imagen_006.jpg,guacamaya azulamarilla,1
C:/Users/Natalia/Desktop/PADIA/endansys/dataset/training/Guacamaya_azulamarilla_peligro/imagen_007.jpg,guacamaya azulamarilla,1
C:/Users/Natalia/Desktop/PADIA/endansys/dataset/training/Guacamaya_azulamarilla_peligro/imagen_008.jpg,guacamaya azulamarilla,1
C:/Users/Natalia/Desktop/PADIA/endansys/dataset/training/Guacamaya_azulamarilla_peligro/imagen_009.jpg,guacamaya azulamarilla,1
C:/Users/Natalia/Desktop/PADIA/endansys/dataset/training/Guacamaya_azulamarilla_peligro/imagen_010.jpg,guacamaya azulamarilla,1
C:/Users/Natalia/Desktop/PADIA/endansys/dataset/training/Guacamaya_azulamarilla_peligro/imagen_011.jpg,guacamaya azulamarilla,1
C:/Users/Natalia/Desktop/PADIA/endansys/dataset/training/Guacamaya_azulamarilla_peligro/imagen_014.jpg,guacamaya azulamarilla,1
C:/Users/Natalia/Desktop/PADIA/endansys/dataset/training/Guacamaya_azulamarilla_peligro/imagen_015.jpg,guacamaya azulamarilla,1
C:/Users/Natalia/Desktop/PADIA/endansys/dataset/training/Guacamaya_azulamarilla_peligro/imagen_016.jpg,guacamaya azulamarilla,1
C:/Users/Natalia/Desktop/PADIA/endansys/dataset/training/Guacamaya_azulamarilla_peligro/imagen_017.jpg,guacamaya azulamarilla,1
C:/Users/Natalia/Desktop/PADIA/endansys/dataset/training/Guacamaya_azulamarilla_peligro/imagen_018.jpg,guacamaya azulamarilla,1
C:/Users/Natalia/Desktop/PADIA/endansys/dataset/training/Guacamaya_azulamarilla_peligro/imagen_019.jpg,guacamaya azulamarilla,1
C:/Users/Natalia/Desktop/PADIA/endansys/dataset/training/Guacamaya_azulamarilla_peligro/imagen_020.jpg,guacamaya azulamarilla,1
C:/Users/Natalia/Desktop/PADIA/endansys/dataset/training/Guacamaya_azulamarilla_peligro/imagen_021.jpg,guacamaya azulamarilla,1
C:/Users/Natalia/Desktop/PADIA/endansys/dataset/training/Guacamaya_azulamarilla_peligro/imagen_022.jpg,guacamaya azulamarilla,1
C:/Users/Natalia/Desktop/PADIA/endansys/dataset/training/Guacamaya_azulamarilla_peligro/imagen_024.jpg,guacamaya azulamarilla,1
C:/Users/Natalia/Desktop/PADIA/endansys/dataset/training/Guacamaya_azulamarilla_peligro/imagen_025.jpg,guacamaya azulamarilla,1
C:/Users/Natalia/Desktop/PADIA/endansys/dataset/training/Guacamaya_azulamarilla_peligro/imagen_026.jpg,guacamaya azulamarilla,1
C:/Users/Natalia/Desktop/PADIA/endansys/dataset/training/Guacamaya_azulamarilla_peligro/imagen_027.jpg,guacamaya azulamarilla,1
C:/Users/Natalia/Desktop/PADIA/endansys/dataset/training/Guacamaya_azulamarilla_peligro/imagen_028.jpg,guacamaya azulamarilla,1
C:/Users/Natalia/Desktop/PADIA/endansys/dataset/training/Guacamaya_roja_peligro/1.jpg,guacamaya roja,1
C:/Users/Natalia/Desktop/PADIA/endansys/dataset/training/Guacamaya_roja_peligro/11.jpg,guacamaya roja,1
C:/Users/Natalia/Desktop/PADIA/endansys/dataset/training/Guacamaya_roja_peligro/13.jpg,guacamaya roja,1
C:/Users/Natalia/Desktop/PADIA/endansys/dataset/training/Guacamaya_roja_peligro/16.jpg,guacamaya roja,1
C:/Users/Natalia/Desktop/PADIA/endansys/dataset/training/Guacamaya_roja_peligro/19.jpg,guacamaya roja,1
C:/Users/Natalia/Desktop/PADIA/endansys/dataset/training/Guacamaya_roja_peligro/2.jpg,guacamaya roja,1
C:/Users/Natalia/Desktop/PADIA/endansys/dataset/training/Guacamaya_roja_peligro/21.jpg,guacamaya roja,1
C:/Users/Natalia/Desktop/PADIA/endansys/dataset/training/Guacamaya_roja_peligro/22.jpg,guacamaya roja,1
C:/Users/Natalia/Desktop/PADIA/endansys/dataset/training/Guacamaya_roja_peligro/24.jpg,guacamaya roja,1
C:/Users/Natalia/Desktop/PADIA/endansys/dataset/training/Guacamaya_roja_peligro/25.jpg,guacamaya roja,1
C:/Users/Natalia/Desktop/PADIA/endansys/dataset/training/Guacamaya_roja_peligro/27.jpg,guacamaya roja,1
C:/Users/Natalia/Desktop/PADIA/endansys/dataset/training/Guacamaya_roja_peligro/3.jpg,guacamaya roja,1
C:/Users/Natalia/Desktop/PADIA/endansys/dataset/training/Guacamaya_roja_peligro/30.jpg,guacamaya roja,1
C:/Users/Natalia/Desktop/PADIA/endansys/dataset/training/Guacamaya_roja_peligro/31.jpg,guacamaya roja,1
C:/Users/Natalia/Desktop/PADIA/endansys/dataset/training/Guacamaya_roja_peligro/32.jpg,guacamaya roja,1
C:/Users/Natalia/Desktop/PADIA/endansys/dataset/training/Guacamaya_roja_peligro/34.jpg,guacamaya roja,1
C:/Users/Natalia/Desktop/PADIA/endansys/dataset/training/Guacamaya_roja_peligro/36.jpg,guacamaya roja,1
C:/Users/Natalia/Desktop/PADIA/endansys/dataset/training/Guacamaya_roja_peligro/37.jpg,guacamaya roja,1
C:/Users/Natalia/Desktop/PADIA/endansys/dataset/training/Guacamaya_roja_peligro/39.jpg,guacamaya roja,1
C:/Users/Natalia/Desktop/PADIA/endansys/dataset/training/Guacamaya_roja_peligro/4.jpg,guacamaya roja,1
C:/Users/Natalia/Desktop/PADIA/endansys/dataset/training/Guacamaya_roja_peligro/41.jpg,guacamaya roja,1
C:/Users/Natalia/Desktop/PADIA/endansys/dataset/training/Guacamaya_roja_peligro/43.jpg,guacamaya roja,1
C:/Users/Natalia/Desktop/PADIA/endansys/dataset/training/Guacamaya_roja_peligro/44.jpg,guacamaya roja,1
C:/Users/Natalia/Desktop/PADIA/endansys/dataset/training/Guacamaya_roja_peligro/45.jpg,guacamaya roja,1
C:/Users/Natalia/Desktop/PADIA/endansys/dataset/training/Guacamaya_roja_peligro/49.jpg,guacamaya roja,1
C:/Users/Natalia/Desktop/PADIA/endansys/dataset/training/Guacamaya_roja_peligro/7.jpg,guacamaya roja,1
C:/Users/Natalia/Desktop/PADIA/endansys/dataset/training/Guacamaya_roja_peligro/imagen_001.jpg,guacamaya roja,1
C:/Users/Natalia/Desktop/PADIA/endansys/dataset/training/Guacamaya_roja_peligro/imagen_002.jpg,guacamaya roja,1
C:/Users/Natalia/Desktop/PADIA/endansys/dataset/training/Guacamaya_roja_peligro/imagen_003.jpg,guacamaya roja,1
C:/Users/Natalia/Desktop/PADIA/endansys/dataset/training/Guacamaya_roja_peligro/imagen_004.jpg,guacamaya roja,1
C:/Users/Natalia/Desktop/PADIA/endansys/dataset/training/Guacamaya_roja_peligro/imagen_005.jpg,guacamaya roja,1
C:/Users/Natalia/Desktop/PADIA/endansys/dataset/training/Guacamaya_roja_peligro/imagen_006.jpg,guacamaya roja,1
C:/Users/Natalia/Desktop/PADIA/endansys/dataset/training/Guacamaya_roja_peligro/imagen_007.jpg,guacamaya roja,1
C:/Users/Natalia/Desktop/PADIA/endansys/dataset/training/Guacamaya_roja_peligro/imagen_008.jpg,guacamaya roja,1
C:/Users/Natalia/Desktop/PADIA/endansys/dataset/training/Guacamaya_roja_peligro/imagen_009.jpg,guacamaya roja,1
C:/Users/Natalia/Desktop/PADIA/endansys/dataset/training/Guacamaya_roja_peligro/imagen_010.jpg,guacamaya roja,1
C:/Users/Natalia/Desktop/PADIA/endansys/dataset/training/Guacamaya_roja_peligro/imagen_011.jpg,guacamaya roja,1
C:/Users/Natalia/Desktop/PADIA/endansys/dataset/training/Guacamaya_roja_peligro/imagen_012.jpg,guacamaya roja,1
C:/Users/Natalia/Desktop/PADIA/endansys/dataset/training/Guacamaya_roja_peligro/imagen_013.jpg,guacamaya roja,1
C:/Users/Natalia/Desktop/PADIA/endansys/dataset/training/Guacamaya_roja_peligro/imagen_014.jpg,guacamaya roja,1
C:/Users/Natalia/Desktop/PADIA/endansys/dataset/training/Guacamaya_roja_peligro/imagen_015.jpg,guacamaya roja,1
C:/Users/Natalia/Desktop/PADIA/endansys/dataset/training/Guacamaya_roja_peligro/imagen_016.jpg,guacamaya roja,1
C:/Users/Natalia/Desktop/PADIA/endansys/dataset/training/Guacamaya_roja_peligro/imagen_017.jpg,guacamaya roja,1
C:/Users/Natalia/Desktop/PADIA/endansys/dataset/training/Guacamaya_roja_peligro/imagen_018.jpg,guacamaya roja,1
C:/Users/Natalia/Desktop/PADIA/endansys/dataset/training/Guacamaya_roja_peligro/imagen_019.jpg,guacamaya roja,1
C:/Users/Natalia/Desktop/PADIA/endansys/dataset/training/Guacamaya_roja_peligro/imagen_020.jpg,guacamaya roja,1
C:/Users/Natalia/Desktop/PADIA/endansys/dataset/training/Guacamaya_roja_peligro/imagen_021.jpg,guacamaya roja,1
C:/Users/Natalia/Desktop/PADIA/endansys/dataset/training/Guacamaya_roja_peligro/imagen_022.jpg,guacamaya roja,1
C:/Users/Natalia/Desktop/PADIA/endansys/dataset/training/Guacamaya_roja_peligro/imagen_023.jpg,guacamaya roja,1
C:/Users/Natalia/Desktop/PADIA/endansys/dataset/training/Guacamaya_roja_peligro/imagen_024.jpg,guacamaya roja,1
C:/Users/Natalia/Desktop/PADIA/endansys/dataset/training/Guacamaya_roja_peligro/imagen_025.jpg,guacamaya roja,1
C:/Users/Natalia/Desktop/PADIA/endansys/dataset/training/Guacamaya_roja_peligro/imagen_026.jpg,guacamaya roja,1
C:/Users/Natalia/Desktop/PADIA/endansys/dataset/training/Guacamaya_roja_peligro/imagen_027.jpg,guacamaya roja,1
C:/Users/Natalia/Desktop/PADIA/endansys/dataset/training/Guacamaya_roja_peligro/imagen_028.jpg,guacamaya roja,1
C:/Users/Natalia/Desktop/PADIA/endansys/dataset/training/Guacamaya_roja_peligro/imagen_029.jpg,guacamaya roja,1
C:/Users/Natalia/Desktop/PADIA/endansys/dataset/training/Guatin/1.jpg,guatin,0
C:/Users/Natalia/Desktop/PADIA/endansys/dataset/training/Guatin/10.jpg,guatin,0
C:/Users/Natalia/Desktop/PADIA/endansys/dataset/training/Guatin/11.jpg,guatin,0
C:/Users/Natalia/Desktop/PADIA/endansys/dataset/training/Guatin/13.jpg,guatin,0
C:/Users/Natalia/Desktop/PADIA/endansys/dataset/training/Guatin/16.jpg,guatin,0
C:/Users/Natalia/Desktop/PADIA/endansys/dataset/training/Guatin/18.jpg,guatin,0
C:/Users/Natalia/Desktop/PADIA/endansys/dataset/training/Guatin/20.jpg,guatin,0
C:/Users/Natalia/Desktop/PADIA/endansys/dataset/training/Guatin/21.jpg,guatin,0
C:/Users/Natalia/Desktop/PADIA/endansys/dataset/training/Guatin/22.jpg,guatin,0
C:/Users/Natalia/Desktop/PADIA/endansys/dataset/training/Guatin/25.jpg,guatin,0
C:/Users/Natalia/Desktop/PADIA/endansys/dataset/training/Guatin/3.jpg,guatin,0
C:/Users/Natalia/Desktop/PADIA/endansys/dataset/training/Guatin/33.jpg,guatin,0
C:/Users/Natalia/Desktop/PADIA/endansys/dataset/training/Guatin/36.jpg,guatin,0
C:/Users/Natalia/Desktop/PADIA/endansys/dataset/training/Guatin/39.jpg,guatin,0
C:/Users/Natalia/Desktop/PADIA/endansys/dataset/training/Guatin/4.jpg,guatin,0
C:/Users/Natalia/Desktop/PADIA/endansys/dataset/training/Guatin/40.jpg,guatin,0
C:/Users/Natalia/Desktop/PADIA/endansys/dataset/training/Guatin/46.jpg,guatin,0
C:/Users/Natalia/Desktop/PADIA/endansys/dataset/training/Guatin/47.jpg,guatin,0
C:/Users/Natalia/Desktop/PADIA/endansys/dataset/training/Guatin/5.jpg,guatin,0
C:/Users/Natalia/Desktop/PADIA/endansys/dataset/training/Guatin/9.jpg,guatin,0
C:/Users/Natalia/Desktop/PADIA/endansys/dataset/training/Guatin/imagen_001.jpg,guatin,0
C:/Users/Natalia/Desktop/PADIA/endansys/dataset/training/Guatin/imagen_002.jpg,guatin,0
C:/Users/Natalia/Desktop/PADIA/endansys/dataset/training/Guatin/imagen_003.jpg,guatin,0
C:/Users/Natalia/Desktop/PADIA/endansys/dataset/training/Guatin/imagen_004.jpg,guatin,0
C:/Users/Natalia/Desktop/PADIA/endansys/dataset/training/Guatin/imagen_005.jpg,guatin,0
C:/Users/Natalia/Desktop/PADIA/endansys/dataset/training/Guatin/imagen_006.jpg,guatin,0
C:/Users/Natalia/Desktop/PADIA/endansys/dataset/training/Guatin/imagen_007.jpg,guatin,0
C:/Users/Natalia/Desktop/PADIA/endansys/dataset/training/Guatin/imagen_008.jpg,guatin,0
C:/Users/Natalia/Desktop/PADIA/endansys/dataset/training/Guatin/imagen_009.jpg,guatin,0
C:/Users/Natalia/Desktop/PADIA/endansys/dataset/training/Guatin/imagen_010.jpg,guatin,0
C:/Users/Natalia/Desktop/PADIA/endansys/dataset/training/Guatin/imagen_011.jpg,guatin,0
C:/Users/Natalia/Desktop/PADIA/endansys/dataset/training/Guatin/imagen_012.jpg,guatin,0
C:/Users/Natalia/Desktop/PADIA/endansys/dataset/training/Guatin/imagen_013.jpg,guatin,0
C:/Users/Natalia/Desktop/PADIA/endansys/dataset/training/Guatin/imagen_014.jpg,guatin,0
C:/Users/Natalia/Desktop/PADIA/endansys/dataset/training/Guatin/imagen_015.jpg,guatin,0
C:/Users/Natalia/Desktop/PADIA/endansys/dataset/training/Guatin/imagen_016.jpg,guatin,0
C:/Users/Natalia/Desktop/PADIA/endansys/dataset/training/Guatin/imagen_017.jpg,guatin,0
C:/Users/Natalia/Desktop/PADIA/endansys/dataset/training/Guatin/imagen_018.jpg,guatin,0
C:/Users/Natalia/Desktop/PADIA/endansys/dataset/training/Guatin/imagen_019.jpg,guatin,0
C:/Users/Natalia/Desktop/PADIA/endansys/dataset/training/Guatin/imagen_020.jpg,guatin,0
C:/Users/Natalia/Desktop/PADIA/endansys/dataset/training/Guatin/imagen_021.jpg,guatin,0
C:/Users/Natalia/Desktop/PADIA/endansys/dataset/training/Guatin/imagen_022.jpg,guatin,0
C:/Users/Natalia/Desktop/PADIA/endansys/dataset/training/Guatin/imagen_023.jpg,guatin,0
C:/Users/Natalia/Desktop/PADIA/endansys/dataset/training/Guatin/imagen_024.jpg,guatin,0
C:/Users/Natalia/Desktop/PADIA/endansys/dataset/training/Guatin/imagen_025.jpg,guatin,0
C:/Users/Natalia/Desktop/PADIA/endansys/dataset/training/Guatin/imagen_026.jpg,guatin,0
C:/Users/Natalia/Desktop/PADIA/endansys/dataset/training/Guatin/imagen_027.jpg,guatin,0
C:/Users/Natalia/Desktop/PADIA/endansys/dataset/training/Guatin/imagen_028.jpg,guatin,0
C:/Users/Natalia/Desktop/PADIA/endansys/dataset/training/Guatin/imagen_029.jpg,guatin,0
C:/Users/Natalia/Desktop/PADIA/endansys/dataset/training/Guatin/imagen_030.jpg,guatin,0
C:/Users/Natalia/Desktop/PADIA/endansys/dataset/training/Hormiguero_gigante/10.jpg,hormiguero gigante,0
C:/Users/Natalia/Desktop/PADIA/endansys/dataset/training/Hormiguero_gigante/11.jpg,hormiguero gigante,0
C:/Users/Natalia/Desktop/PADIA/endansys/dataset/training/Hormiguero_gigante/12.jpg,hormiguero gigante,0
C:/Users/Natalia/Desktop/PADIA/endansys/dataset/training/Hormiguero_gigante/14.jpg,hormiguero gigante,0
C:/Users/Natalia/Desktop/PADIA/endansys/dataset/training/Hormiguero_gigante/15.jpg,hormiguero gigante,0
C:/Users/Natalia/Desktop/PADIA/endansys/dataset/training/Hormiguero_gigante/17.jpg,hormiguero gigante,0
C:/Users/Natalia/Desktop/PADIA/endansys/dataset/training/Hormiguero_gigante/18.jpg,hormiguero gigante,0
C:/Users/Natalia/Desktop/PADIA/endansys/dataset/training/Hormiguero_gigante/21.jpg,hormiguero gigante,0
C:/Users/Natalia/Desktop/PADIA/endansys/dataset/training/Hormiguero_gigante/22.jpg,hormiguero gigante,0
C:/Users/Natalia/Desktop/PADIA/endansys/dataset/training/Hormiguero_gigante/24.jpg,hormiguero gigante,0
C:/Users/Natalia/Desktop/PADIA/endansys/dataset/training/Hormiguero_gigante/26.jpg,hormiguero gigante,0
C:/Users/Natalia/Desktop/PADIA/endansys/dataset/training/Hormiguero_gigante/27.jpg,hormiguero gigante,0
C:/Users/Natalia/Desktop/PADIA/endansys/dataset/training/Hormiguero_gigante/29.jpg,hormiguero gigante,0
C:/Users/Natalia/Desktop/PADIA/endansys/dataset/training/Hormiguero_gigante/3.jpg,hormiguero gigante,0
C:/Users/Natalia/Desktop/PADIA/endansys/dataset/training/Hormiguero_gigante/33.jpg,hormiguero gigante,0
C:/Users/Natalia/Desktop/PADIA/endansys/dataset/training/Hormiguero_gigante/37.jpg,hormiguero gigante,0
C:/Users/Natalia/Desktop/PADIA/endansys/dataset/training/Hormiguero_gigante/4.jpg,hormiguero gigante,0
C:/Users/Natalia/Desktop/PADIA/endansys/dataset/training/Hormiguero_gigante/42.jpg,hormiguero gigante,0
C:/Users/Natalia/Desktop/PADIA/endansys/dataset/training/Hormiguero_gigante/44.jpg,hormiguero gigante,0
C:/Users/Natalia/Desktop/PADIA/endansys/dataset/training/Hormiguero_gigante/46.jpg,hormiguero gigante,0
C:/Users/Natalia/Desktop/PADIA/endansys/dataset/training/Hormiguero_gigante/7.jpg,hormiguero gigante,0
C:/Users/Natalia/Desktop/PADIA/endansys/dataset/training/Hormiguero_gigante/8.jpg,hormiguero gigante,0
C:/Users/Natalia/Desktop/PADIA/endansys/dataset/training/Hormiguero_gigante/9.jpg,hormiguero gigante,0
C:/Users/Natalia/Desktop/PADIA/endansys/dataset/training/Hormiguero_gigante/imagen_001.jpg,hormiguero gigante,0
C:/Users/Natalia/Desktop/PADIA/endansys/dataset/training/Hormiguero_gigante/imagen_002.jpg,hormiguero gigante,0
C:/Users/Natalia/Desktop/PADIA/endansys/dataset/training/Hormiguero_gigante/imagen_003.jpg,hormiguero gigante,0
C:/Users/Natalia/Desktop/PADIA/endansys/dataset/training/Hormiguero_gigante/imagen_004.jpg,hormiguero gigante,0
C:/Users/Natalia/Desktop/PADIA/endansys/dataset/training/Hormiguero_gigante/imagen_005.jpg,hormiguero gigante,0
C:/Users/Natalia/Desktop/PADIA/endansys/dataset/training/Hormiguero_gigante/imagen_006.jpg,hormiguero gigante,0
C:/Users/Natalia/Desktop/PADIA/endansys/dataset/training/Hormiguero_gigante/imagen_007.jpg,hormiguero gigante,0
C:/Users/Natalia/Desktop/PADIA/endansys/dataset/training/Hormiguero_gigante/imagen_008.jpg,hormiguero gigante,0
C:/Users/Natalia/Desktop/PADIA/endansys/dataset/training/Hormiguero_gigante/imagen_009.jpg,hormiguero gigante,0
C:/Users/Natalia/Desktop/PADIA/endansys/dataset/training/Hormiguero_gigante/imagen_010.jpg,hormiguero gigante,0
C:/Users/Natalia/Desktop/PADIA/endansys/dataset/training/Hormiguero_gigante/imagen_011.jpg,hormiguero gigante,0
C:/Users/Natalia/Desktop/PADIA/endansys/dataset/training/Hormiguero_gigante/imagen_012.jpg,hormiguero gigante,0
C:/Users/Natalia/Desktop/PADIA/endansys/dataset/training/Hormiguero_gigante/imagen_013.jpg,hormiguero gigante,0
C:/Users/Natalia/Desktop/PADIA/endansys/dataset/training/Hormiguero_gigante/imagen_014.jpg,hormiguero gigante,0
C:/Users/Natalia/Desktop/PADIA/endansys/dataset/training/Hormiguero_gigante/imagen_015.jpg,hormiguero gigante,0
C:/Users/Natalia/Desktop/PADIA/endansys/dataset/training/Hormiguero_gigante/imagen_016.jpg,hormiguero gigante,0
C:/Users/Natalia/Desktop/PADIA/endansys/dataset/training/Hormiguero_gigante/imagen_017.jpg,hormiguero gigante,0
C:/Users/Natalia/Desktop/PADIA/endansys/dataset/training/Hormiguero_gigante/imagen_018.jpg,hormiguero gigante,0
C:/Users/Natalia/Desktop/PADIA/endansys/dataset/training/Hormiguero_gigante/imagen_019.jpg,hormiguero gigante,0
C:/Users/Natalia/Desktop/PADIA/endansys/dataset/training/Hormiguero_gigante/imagen_020.jpg,hormiguero gigante,0
C:/Users/Natalia/Desktop/PADIA/endansys/dataset/training/Hormiguero_gigante/imagen_021.jpg,hormiguero gigante,0
C:/Users/Natalia/Desktop/PADIA/endansys/dataset/training/Hormiguero_gigante/imagen_022.jpg,hormiguero gigante,0
C:/Users/Natalia/Desktop/PADIA/endansys/dataset/training/Hormiguero_gigante/imagen_023.jpg,hormiguero gigante,0
C:/Users/Natalia/Desktop/PADIA/endansys/dataset/training/Hormiguero_gigante/imagen_024.jpg,hormiguero gigante,0
C:/Users/Natalia/Desktop/PADIA/endansys/dataset/training/Hormiguero_gigante/imagen_025.jpg,hormiguero gigante,0
C:/Users/Natalia/Desktop/PADIA/endansys/dataset/training/Hormiguero_gigante/imagen_026.jpg,hormiguero gigante,0
C:/Users/Natalia/Desktop/PADIA/endansys/dataset/training/Hormiguero_gigante/imagen_027.jpg,hormiguero gigante,0
C:/Users/Natalia/Desktop/PADIA/endansys/dataset/training/Hormiguero_gigante/imagen_028.jpg,hormiguero gigante,0
C:/Users/Natalia/Desktop/PADIA/endansys/dataset/training/Iguana_verde/14.jpg,iguana verde,0
C:/Users/Natalia/Desktop/PADIA/endansys/dataset/training/Iguana_verde/16.jpg,iguana verde,0
C:/Users/Natalia/Desktop/PADIA/endansys/dataset/training/Iguana_verde/18.jpg,iguana verde,0
C:/Users/Natalia/Desktop/PADIA/endansys/dataset/training/Iguana_verde/19.jpg,iguana verde,0
C:/Users/Natalia/Desktop/PADIA/endansys/dataset/training/Iguana_verde/2.jpg,iguana verde,0
C:/Users/Natalia/Desktop/PADIA/endansys/dataset/training/Iguana_verde/20.jpg,iguana verde,0
C:/Users/Natalia/Desktop/PADIA/endansys/dataset/training/Iguana_verde/22.jpg,iguana verde,0
C:/Users/Natalia/Desktop/PADIA/endansys/dataset/training/Iguana_verde/27.jpg,iguana verde,0
C:/Users/Natalia/Desktop/PADIA/endansys/dataset/training/Iguana_verde/29.jpg,iguana verde,0
C:/Users/Natalia/Desktop/PADIA/endansys/dataset/training/Iguana_verde/3.jpg,iguana verde,0
C:/Users/Natalia/Desktop/PADIA/endansys/dataset/training/Iguana_verde/30.jpg,iguana verde,0
C:/Users/Natalia/Desktop/PADIA/endansys/dataset/training/Iguana_verde/32.jpg,iguana verde,0
C:/Users/Natalia/Desktop/PADIA/endansys/dataset/training/Iguana_verde/33.jpg,iguana verde,0
C:/Users/Natalia/Desktop/PADIA/endansys/dataset/training/Iguana_verde/34.jpg,iguana verde,0
C:/Users/Natalia/Desktop/PADIA/endansys/dataset/training/Iguana_verde/35.jpg,iguana verde,0
C:/Users/Natalia/Desktop/PADIA/endansys/dataset/training/Iguana_verde/36.jpg,iguana verde,0
C:/Users/Natalia/Desktop/PADIA/endansys/dataset/training/Iguana_verde/37.jpg,iguana verde,0
C:/Users/Natalia/Desktop/PADIA/endansys/dataset/training/Iguana_verde/4.jpg,iguana verde,0
C:/Users/Natalia/Desktop/PADIA/endansys/dataset/training/Iguana_verde/40.jpg,iguana verde,0
C:/Users/Natalia/Desktop/PADIA/endansys/dataset/training/Iguana_verde/41.jpg,iguana verde,0
C:/Users/Natalia/Desktop/PADIA/endansys/dataset/training/Iguana_verde/42.jpg,iguana verde,0
C:/Users/Natalia/Desktop/PADIA/endansys/dataset/training/Iguana_verde/44.jpg,iguana verde,0
C:/Users/Natalia/Desktop/PADIA/endansys/dataset/training/Iguana_verde/45.jpg,iguana verde,0
C:/Users/Natalia/Desktop/PADIA/endansys/dataset/training/Iguana_verde/46.jpg,iguana verde,0
C:/Users/Natalia/Desktop/PADIA/endansys/dataset/training/Iguana_verde/47.jpg,iguana verde,0
C:/Users/Natalia/Desktop/PADIA/endansys/dataset/training/Iguana_verde/48.jpg,iguana verde,0
C:/Users/Natalia/Desktop/PADIA/endansys/dataset/training/Iguana_verde/49.jpg,iguana verde,0
C:/Users/Natalia/Desktop/PADIA/endansys/dataset/training/Iguana_verde/50.jpg,iguana verde,0
C:/Users/Natalia/Desktop/PADIA/endansys/dataset/training/Iguana_verde/7.jpg,iguana verde,0
C:/Users/Natalia/Desktop/PADIA/endansys/dataset/training/Iguana_verde/8.jpg,iguana verde,0
C:/Users/Natalia/Desktop/PADIA/endansys/dataset/training/Iguana_verde/9.jpg,iguana verde,0
C:/Users/Natalia/Desktop/PADIA/endansys/dataset/training/Iguana_verde/imagen_001.jpg,iguana verde,0
C:/Users/Natalia/Desktop/PADIA/endansys/dataset/training/Iguana_verde/imagen_002.jpg,iguana verde,0
C:/Users/Natalia/Desktop/PADIA/endansys/dataset/training/Iguana_verde/imagen_003.jpg,iguana verde,0
C:/Users/Natalia/Desktop/PADIA/endansys/dataset/training/Iguana_verde/imagen_004.jpg,iguana verde,0
C:/Users/Natalia/Desktop/PADIA/endansys/dataset/training/Iguana_verde/imagen_005.jpg,iguana verde,0
C:/Users/Natalia/Desktop/PADIA/endansys/dataset/training/Iguana_verde/imagen_006.jpg,iguana verde,0
C:/Users/Natalia/Desktop/PADIA/endansys/dataset/training/Iguana_verde/imagen_007.jpg,iguana verde,0
C:/Users/Natalia/Desktop/PADIA/endansys/dataset/training/Iguana_verde/imagen_008.jpg,iguana verde,0
C:/Users/Natalia/Desktop/PADIA/endansys/dataset/training/Iguana_verde/imagen_009.jpg,iguana verde,0
C:/Users/Natalia/Desktop/PADIA/endansys/dataset/training/Iguana_verde/imagen_010.jpg,iguana verde,0
C:/Users/Natalia/Desktop/PADIA/endansys/dataset/training/Iguana_verde/imagen_011.jpg,iguana verde,0
C:/Users/Natalia/Desktop/PADIA/endansys/dataset/training/Iguana_verde/imagen_012.jpg,iguana verde,0
C:/Users/Natalia/Desktop/PADIA/endansys/dataset/training/Iguana_verde/imagen_013.jpg,iguana verde,0
C:/Users/Natalia/Desktop/PADIA/endansys/dataset/training/Iguana_verde/imagen_014.jpg,iguana verde,0
C:/Users/Natalia/Desktop/PADIA/endansys/dataset/training/Iguana_verde/imagen_015.jpg,iguana verde,0
C:/Users/Natalia/Desktop/PADIA/endansys/dataset/training/Iguana_verde/imagen_016.jpg,iguana verde,0
C:/Users/Natalia/Desktop/PADIA/endansys/dataset/training/Iguana_verde/imagen_017.jpg,iguana verde,0
C:/Users/Natalia/Desktop/PADIA/endansys/dataset/training/Iguana_verde/imagen_018.jpg,iguana verde,0
C:/Users/Natalia/Desktop/PADIA/endansys/dataset/training/Iguana_verde/imagen_019.jpg,iguana verde,0
C:/Users/Natalia/Desktop/PADIA/endansys/dataset/training/Iguana_verde/imagen_020.jpg,iguana verde,0
C:/Users/Natalia/Desktop/PADIA/endansys/dataset/training/Iguana_verde/imagen_021.jpg,iguana verde,0
C:/Users/Natalia/Desktop/PADIA/endansys/dataset/training/Iguana_verde/imagen_022.jpg,iguana verde,0
C:/Users/Natalia/Desktop/PADIA/endansys/dataset/training/Iguana_verde/imagen_023.jpg,iguana verde,0
C:/Users/Natalia/Desktop/PADIA/endansys/dataset/training/Iguana_verde/imagen_024.jpg,iguana verde,0
C:/Users/Natalia/Desktop/PADIA/endansys/dataset/training/Iguana_verde/imagen_025.jpg,iguana verde,0
C:/Users/Natalia/Desktop/PADIA/endansys/dataset/training/Iguana_verde/imagen_026.jpg,iguana verde,0
C:/Users/Natalia/Desktop/PADIA/endansys/dataset/training/Iguana_verde/imagen_027.jpg,iguana verde,0
C:/Users/Natalia/Desktop/PADIA/endansys/dataset/training/Iguana_verde/imagen_028.jpg,iguana verde,0
C:/Users/Natalia/Desktop/PADIA/endansys/dataset/training/Iguana_verde/imagen_029.jpg,iguana verde,0
C:/Users/Natalia/Desktop/PADIA/endansys/dataset/training/Iguana_verde/imagen_030.jpg,iguana verde,0
C:/Users/Natalia/Desktop/PADIA/endansys/dataset/training/Iguana_verde/imagen_031.jpg,iguana verde,0
C:/Users/Natalia/Desktop/PADIA/endansys/dataset/training/Iguana_verde/imagen_032.jpg,iguana verde,0
C:/Users/Natalia/Desktop/PADIA/endansys/dataset/training/Iguana_verde/imagen_033.jpg,iguana verde,0
C:/Users/Natalia/Desktop/PADIA/endansys/dataset/training/Jaguarundi/10.jpg,jaguarundi,0
C:/Users/Natalia/Desktop/PADIA/endansys/dataset/training/Jaguarundi/12.jpg,jaguarundi,0
C:/Users/Natalia/Desktop/PADIA/endansys/dataset/training/Jaguarundi/15.jpg,jaguarundi,0
C:/Users/Natalia/Desktop/PADIA/endansys/dataset/training/Jaguarundi/16.jpg,jaguarundi,0
C:/Users/Natalia/Desktop/PADIA/endansys/dataset/training/Jaguarundi/19.jpg,jaguarundi,0
C:/Users/Natalia/Desktop/PADIA/endansys/dataset/training/Jaguarundi/22.jpg,jaguarundi,0
C:/Users/Natalia/Desktop/PADIA/endansys/dataset/training/Jaguarundi/23.jpg,jaguarundi,0
C:/Users/Natalia/Desktop/PADIA/endansys/dataset/training/Jaguarundi/25.jpg,jaguarundi,0
C:/Users/Natalia/Desktop/PADIA/endansys/dataset/training/Jaguarundi/26.jpg,jaguarundi,0
C:/Users/Natalia/Desktop/PADIA/endansys/dataset/training/Jaguarundi/27.jpg,jaguarundi,0
C:/Users/Natalia/Desktop/PADIA/endansys/dataset/training/Jaguarundi/28.jpg,jaguarundi,0
C:/Users/Natalia/Desktop/PADIA/endansys/dataset/training/Jaguarundi/29.jpg,jaguarundi,0
C:/Users/Natalia/Desktop/PADIA/endansys/dataset/training/Jaguarundi/3.jpg,jaguarundi,0
C:/Users/Natalia/Desktop/PADIA/endansys/dataset/training/Jaguarundi/30.jpg,jaguarundi,0
C:/Users/Natalia/Desktop/PADIA/endansys/dataset/training/Jaguarundi/32.jpg,jaguarundi,0
C:/Users/Natalia/Desktop/PADIA/endansys/dataset/training/Jaguarundi/36.jpg,jaguarundi,0
C:/Users/Natalia/Desktop/PADIA/endansys/dataset/training/Jaguarundi/38.jpg,jaguarundi,0
C:/Users/Natalia/Desktop/PADIA/endansys/dataset/training/Jaguarundi/4.jpg,jaguarundi,0
C:/Users/Natalia/Desktop/PADIA/endansys/dataset/training/Jaguarundi/41.jpg,jaguarundi,0
C:/Users/Natalia/Desktop/PADIA/endansys/dataset/training/Jaguarundi/42.jpg,jaguarundi,0
C:/Users/Natalia/Desktop/PADIA/endansys/dataset/training/Jaguarundi/43.jpg,jaguarundi,0
C:/Users/Natalia/Desktop/PADIA/endansys/dataset/training/Jaguarundi/46.jpg,jaguarundi,0
C:/Users/Natalia/Desktop/PADIA/endansys/dataset/training/Jaguarundi/47.jpg,jaguarundi,0
C:/Users/Natalia/Desktop/PADIA/endansys/dataset/training/Jaguarundi/49.jpg,jaguarundi,0
C:/Users/Natalia/Desktop/PADIA/endansys/dataset/training/Jaguarundi/7.jpg,jaguarundi,0
C:/Users/Natalia/Desktop/PADIA/endansys/dataset/training/Jaguarundi/imagen_001.jpg,jaguarundi,0
C:/Users/Natalia/Desktop/PADIA/endansys/dataset/training/Jaguarundi/imagen_002.jpg,jaguarundi,0
C:/Users/Natalia/Desktop/PADIA/endansys/dataset/training/Jaguarundi/imagen_003.jpg,jaguarundi,0
C:/Users/Natalia/Desktop/PADIA/endansys/dataset/training/Jaguarundi/imagen_004.jpg,jaguarundi,0
C:/Users/Natalia/Desktop/PADIA/endansys/dataset/training/Jaguarundi/imagen_005.jpg,jaguarundi,0
C:/Users/Natalia/Desktop/PADIA/endansys/dataset/training/Jaguarundi/imagen_006.jpg,jaguarundi,0
C:/Users/Natalia/Desktop/PADIA/endansys/dataset/training/Jaguarundi/imagen_007.jpg,jaguarundi,0
C:/Users/Natalia/Desktop/PADIA/endansys/dataset/training/Jaguarundi/imagen_008.jpg,jaguarundi,0
C:/Users/Natalia/Desktop/PADIA/endansys/dataset/training/Jaguarundi/imagen_009.jpg,jaguarundi,0
C:/Users/Natalia/Desktop/PADIA/endansys/dataset/training/Jaguarundi/imagen_010.jpg,jaguarundi,0
C:/Users/Natalia/Desktop/PADIA/endansys/dataset/training/Jaguarundi/imagen_011.jpg,jaguarundi,0
C:/Users/Natalia/Desktop/PADIA/endansys/dataset/training/Jaguarundi/imagen_012.jpg,jaguarundi,0
C:/Users/Natalia/Desktop/PADIA/endansys/dataset/training/Jaguarundi/imagen_013.jpg,jaguarundi,0
C:/Users/Natalia/Desktop/PADIA/endansys/dataset/training/Jaguarundi/imagen_014.jpg,jaguarundi,0
C:/Users/Natalia/Desktop/PADIA/endansys/dataset/training/Jaguarundi/imagen_015.jpg,jaguarundi,0
C:/Users/Natalia/Desktop/PADIA/endansys/dataset/training/Jaguarundi/imagen_016.jpg,jaguarundi,0
C:/Users/Natalia/Desktop/PADIA/endansys/dataset/training/Jaguarundi/imagen_017.jpg,jaguarundi,0
C:/Users/Natalia/Desktop/PADIA/endansys/dataset/training/Jaguarundi/imagen_018.jpg,jaguarundi,0
C:/Users/Natalia/Desktop/PADIA/endansys/dataset/training/Jaguarundi/imagen_019.jpg,jaguarundi,0
C:/Users/Natalia/Desktop/PADIA/endansys/dataset/training/Jaguarundi/imagen_020.jpg,jaguarundi,0
C:/Users/Natalia/Desktop/PADIA/endansys/dataset/training/Jaguarundi/imagen_021.jpg,jaguarundi,0
C:/Users/Natalia/Desktop/PADIA/endansys/dataset/training/Jaguarundi/imagen_022.jpg,jaguarundi,0
C:/Users/Natalia/Desktop/PADIA/endansys/dataset/training/Jaguarundi/imagen_023.jpg,jaguarundi,0
C:/Users/Natalia/Desktop/PADIA/endansys/dataset/training/Jaguarundi/imagen_024.jpg,jaguarundi,0
C:/Users/Natalia/Desktop/PADIA/endansys/dataset/training/Jaguar_peligro/1.jpg,jaguar,1
C:/Users/Natalia/Desktop/PADIA/endansys/dataset/training/Jaguar_peligro/10.jpg,jaguar,1
C:/Users/Natalia/Desktop/PADIA/endansys/dataset/training/Jaguar_peligro/14.jpg,jaguar,1
C:/Users/Natalia/Desktop/PADIA/endansys/dataset/training/Jaguar_peligro/15.jpg,jaguar,1
C:/Users/Natalia/Desktop/PADIA/endansys/dataset/training/Jaguar_peligro/16.jpg,jaguar,1
C:/Users/Natalia/Desktop/PADIA/endansys/dataset/training/Jaguar_peligro/18.jpg,jaguar,1
C:/Users/Natalia/Desktop/PADIA/endansys/dataset/training/Jaguar_peligro/20.jpg,jaguar,1
C:/Users/Natalia/Desktop/PADIA/endansys/dataset/training/Jaguar_peligro/24.jpg,jaguar,1
C:/Users/Natalia/Desktop/PADIA/endansys/dataset/training/Jaguar_peligro/25.jpg,jaguar,1
C:/Users/Natalia/Desktop/PADIA/endansys/dataset/training/Jaguar_peligro/26.jpg,jaguar,1
C:/Users/Natalia/Desktop/PADIA/endansys/dataset/training/Jaguar_peligro/27.jpg,jaguar,1
C:/Users/Natalia/Desktop/PADIA/endansys/dataset/training/Jaguar_peligro/33.jpg,jaguar,1
C:/Users/Natalia/Desktop/PADIA/endansys/dataset/training/Jaguar_peligro/35.jpg,jaguar,1
C:/Users/Natalia/Desktop/PADIA/endansys/dataset/training/Jaguar_peligro/36.jpg,jaguar,1
C:/Users/Natalia/Desktop/PADIA/endansys/dataset/training/Jaguar_peligro/38.jpg,jaguar,1
C:/Users/Natalia/Desktop/PADIA/endansys/dataset/training/Jaguar_peligro/39.jpg,jaguar,1
C:/Users/Natalia/Desktop/PADIA/endansys/dataset/training/Jaguar_peligro/4.jpg,jaguar,1
C:/Users/Natalia/Desktop/PADIA/endansys/dataset/training/Jaguar_peligro/40.jpg,jaguar,1
C:/Users/Natalia/Desktop/PADIA/endansys/dataset/training/Jaguar_peligro/42.jpg,jaguar,1
C:/Users/Natalia/Desktop/PADIA/endansys/dataset/training/Jaguar_peligro/43.jpg,jaguar,1
C:/Users/Natalia/Desktop/PADIA/endansys/dataset/training/Jaguar_peligro/5.jpg,jaguar,1
C:/Users/Natalia/Desktop/PADIA/endansys/dataset/training/Jaguar_peligro/50.jpg,jaguar,1
C:/Users/Natalia/Desktop/PADIA/endansys/dataset/training/Jaguar_peligro/6.jpg,jaguar,1
C:/Users/Natalia/Desktop/PADIA/endansys/dataset/training/Jaguar_peligro/7.jpg,jaguar,1
C:/Users/Natalia/Desktop/PADIA/endansys/dataset/training/Jaguar_peligro/8.jpg,jaguar,1
C:/Users/Natalia/Desktop/PADIA/endansys/dataset/training/Jaguar_peligro/9.jpg,jaguar,1
C:/Users/Natalia/Desktop/PADIA/endansys/dataset/training/Jaguar_peligro/imagen_001.jpg,jaguar,1
C:/Users/Natalia/Desktop/PADIA/endansys/dataset/training/Jaguar_peligro/imagen_002.jpg,jaguar,1
C:/Users/Natalia/Desktop/PADIA/endansys/dataset/training/Jaguar_peligro/imagen_003.jpg,jaguar,1
C:/Users/Natalia/Desktop/PADIA/endansys/dataset/training/Jaguar_peligro/imagen_004.jpg,jaguar,1
C:/Users/Natalia/Desktop/PADIA/endansys/dataset/training/Jaguar_peligro/imagen_005.jpg,jaguar,1
C:/Users/Natalia/Desktop/PADIA/endansys/dataset/training/Jaguar_peligro/imagen_006.jpg,jaguar,1
C:/Users/Natalia/Desktop/PADIA/endansys/dataset/training/Jaguar_peligro/imagen_007.jpg,jaguar,1
C:/Users/Natalia/Desktop/PADIA/endansys/dataset/training/Jaguar_peligro/imagen_008.jpg,jaguar,1
C:/Users/Natalia/Desktop/PADIA/endansys/dataset/training/Jaguar_peligro/imagen_009.jpg,jaguar,1
C:/Users/Natalia/Desktop/PADIA/endansys/dataset/training/Jaguar_peligro/imagen_010.jpg,jaguar,1
C:/Users/Natalia/Desktop/PADIA/endansys/dataset/training/Jaguar_peligro/imagen_011.jpg,jaguar,1
C:/Users/Natalia/Desktop/PADIA/endansys/dataset/training/Jaguar_peligro/imagen_012.jpg,jaguar,1
C:/Users/Natalia/Desktop/PADIA/endansys/dataset/training/Jaguar_peligro/imagen_013.jpg,jaguar,1
C:/Users/Natalia/Desktop/PADIA/endansys/dataset/training/Jaguar_peligro/imagen_014.jpg,jaguar,1
C:/Users/Natalia/Desktop/PADIA/endansys/dataset/training/Jaguar_peligro/imagen_015.jpg,jaguar,1
C:/Users/Natalia/Desktop/PADIA/endansys/dataset/training/Jaguar_peligro/imagen_016.jpg,jaguar,1
C:/Users/Natalia/Desktop/PADIA/endansys/dataset/training/Jaguar_peligro/imagen_017.jpg,jaguar,1
C:/Users/Natalia/Desktop/PADIA/endansys/dataset/training/Jaguar_peligro/imagen_018.jpg,jaguar,1
C:/Users/Natalia/Desktop/PADIA/endansys/dataset/training/Jaguar_peligro/imagen_019.jpg,jaguar,1
C:/Users/Natalia/Desktop/PADIA/endansys/dataset/training/Jaguar_peligro/imagen_020.jpg,jaguar,1
C:/Users/Natalia/Desktop/PADIA/endansys/dataset/training/Jaguar_peligro/imagen_021.jpg,jaguar,1
C:/Users/Natalia/Desktop/PADIA/endansys/dataset/training/Jaguar_peligro/imagen_022.jpg,jaguar,1
C:/Users/Natalia/Desktop/PADIA/endansys/dataset/training/Jaguar_peligro/imagen_023.jpg,jaguar,1
C:/Users/Natalia/Desktop/PADIA/endansys/dataset/training/Jaguar_peligro/imagen_024.jpg,jaguar,1
C:/Users/Natalia/Desktop/PADIA/endansys/dataset/training/Jaguar_peligro/imagen_025.jpg,jaguar,1
C:/Users/Natalia/Desktop/PADIA/endansys/dataset/training/Jaguar_peligro/imagen_026.jpg,jaguar,1
C:/Users/Natalia/Desktop/PADIA/endansys/dataset/training/Jaguar_peligro/imagen_027.jpg,jaguar,1
C:/Users/Natalia/Desktop/PADIA/endansys/dataset/training/Jaguar_peligro/imagen_028.jpg,jaguar,1
C:/Users/Natalia/Desktop/PADIA/endansys/dataset/training/Lagarto_azul/10.jpg,lagarto azul,0
C:/Users/Natalia/Desktop/PADIA/endansys/dataset/training/Lagarto_azul/14.jpg,lagarto azul,0
C:/Users/Natalia/Desktop/PADIA/endansys/dataset/training/Lagarto_azul/18.jpg,lagarto azul,0
C:/Users/Natalia/Desktop/PADIA/endansys/dataset/training/Lagarto_azul/20.jpg,lagarto azul,0
C:/Users/Natalia/Desktop/PADIA/endansys/dataset/training/Lagarto_azul/22.jpg,lagarto azul,0
C:/Users/Natalia/Desktop/PADIA/endansys/dataset/training/Lagarto_azul/23.jpg,lagarto azul,0
C:/Users/Natalia/Desktop/PADIA/endansys/dataset/training/Lagarto_azul/24.jpg,lagarto azul,0
C:/Users/Natalia/Desktop/PADIA/endansys/dataset/training/Lagarto_azul/25.jpg,lagarto azul,0
C:/Users/Natalia/Desktop/PADIA/endansys/dataset/training/Lagarto_azul/27.jpg,lagarto azul,0
C:/Users/Natalia/Desktop/PADIA/endansys/dataset/training/Lagarto_azul/29.jpg,lagarto azul,0
C:/Users/Natalia/Desktop/PADIA/endansys/dataset/training/Lagarto_azul/3.jpg,lagarto azul,0
C:/Users/Natalia/Desktop/PADIA/endansys/dataset/training/Lagarto_azul/31.jpg,lagarto azul,0
C:/Users/Natalia/Desktop/PADIA/endansys/dataset/training/Lagarto_azul/32.jpg,lagarto azul,0
C:/Users/Natalia/Desktop/PADIA/endansys/dataset/training/Lagarto_azul/34.jpg,lagarto azul,0
C:/Users/Natalia/Desktop/PADIA/endansys/dataset/training/Lagarto_azul/39.jpg,lagarto azul,0
C:/Users/Natalia/Desktop/PADIA/endansys/dataset/training/Lagarto_azul/4.jpg,lagarto azul,0
C:/Users/Natalia/Desktop/PADIA/endansys/dataset/training/Lagarto_azul/44.jpg,lagarto azul,0
C:/Users/Natalia/Desktop/PADIA/endansys/dataset/training/Lagarto_azul/45.jpg,lagarto azul,0
C:/Users/Natalia/Desktop/PADIA/endansys/dataset/training/Lagarto_azul/48.jpg,lagarto azul,0
C:/Users/Natalia/Desktop/PADIA/endansys/dataset/training/Lagarto_azul/5.jpg,lagarto azul,0
C:/Users/Natalia/Desktop/PADIA/endansys/dataset/training/Lagarto_azul/50.jpg,lagarto azul,0
C:/Users/Natalia/Desktop/PADIA/endansys/dataset/training/Lagarto_azul/6.jpg,lagarto azul,0
C:/Users/Natalia/Desktop/PADIA/endansys/dataset/training/Lagarto_azul/7.jpg,lagarto azul,0
C:/Users/Natalia/Desktop/PADIA/endansys/dataset/training/Lagarto_azul/9.jpg,lagarto azul,0
C:/Users/Natalia/Desktop/PADIA/endansys/dataset/training/Lagarto_azul/imagen_001.jpg,lagarto azul,0
C:/Users/Natalia/Desktop/PADIA/endansys/dataset/training/Lagarto_azul/imagen_002.jpg,lagarto azul,0
C:/Users/Natalia/Desktop/PADIA/endansys/dataset/training/Lagarto_azul/imagen_003.jpg,lagarto azul,0
C:/Users/Natalia/Desktop/PADIA/endansys/dataset/training/Lagarto_azul/imagen_004.jpg,lagarto azul,0
C:/Users/Natalia/Desktop/PADIA/endansys/dataset/training/Lagarto_azul/imagen_005.jpg,lagarto azul,0
C:/Users/Natalia/Desktop/PADIA/endansys/dataset/training/Lagarto_azul/imagen_006.jpg,lagarto azul,0
C:/Users/Natalia/Desktop/PADIA/endansys/dataset/training/Lagarto_azul/imagen_007.jpg,lagarto azul,0
C:/Users/Natalia/Desktop/PADIA/endansys/dataset/training/Lagarto_azul/imagen_008.jpg,lagarto azul,0
C:/Users/Natalia/Desktop/PADIA/endansys/dataset/training/Lagarto_azul/imagen_009.jpg,lagarto azul,0
C:/Users/Natalia/Desktop/PADIA/endansys/dataset/training/Lagarto_azul/imagen_010.jpg,lagarto azul,0
C:/Users/Natalia/Desktop/PADIA/endansys/dataset/training/Lagarto_azul/imagen_011.jpg,lagarto azul,0
C:/Users/Natalia/Desktop/PADIA/endansys/dataset/training/Lagarto_azul/imagen_012.jpg,lagarto azul,0
C:/Users/Natalia/Desktop/PADIA/endansys/dataset/training/Lagarto_azul/imagen_013.jpg,lagarto azul,0
C:/Users/Natalia/Desktop/PADIA/endansys/dataset/training/Lagarto_azul/imagen_014.jpg,lagarto azul,0
C:/Users/Natalia/Desktop/PADIA/endansys/dataset/training/Lagarto_azul/imagen_015.jpg,lagarto azul,0
C:/Users/Natalia/Desktop/PADIA/endansys/dataset/training/Lagarto_azul/imagen_016.jpg,lagarto azul,0
C:/Users/Natalia/Desktop/PADIA/endansys/dataset/training/Lagarto_azul/imagen_017.jpg,lagarto azul,0
C:/Users/Natalia/Desktop/PADIA/endansys/dataset/training/Lagarto_azul/imagen_018.jpg,lagarto azul,0
C:/Users/Natalia/Desktop/PADIA/endansys/dataset/training/Lagarto_azul/imagen_019.jpg,lagarto azul,0
C:/Users/Natalia/Desktop/PADIA/endansys/dataset/training/Lagarto_azul/imagen_020.jpg,lagarto azul,0
C:/Users/Natalia/Desktop/PADIA/endansys/dataset/training/Lagarto_azul/imagen_021.jpg,lagarto azul,0
C:/Users/Natalia/Desktop/PADIA/endansys/dataset/training/Lagarto_azul/imagen_022.jpg,lagarto azul,0
C:/Users/Natalia/Desktop/PADIA/endansys/dataset/training/Lagarto_azul/imagen_023.jpg,lagarto azul,0
C:/Users/Natalia/Desktop/PADIA/endansys/dataset/training/Lagarto_azul/imagen_024.jpg,lagarto azul,0
C:/Users/Natalia/Desktop/PADIA/endansys/dataset/training/Lagarto_azul/imagen_025.jpg,lagarto azul,0
C:/Users/Natalia/Desktop/PADIA/endansys/dataset/training/Lagarto_azul/imagen_026.jpg,lagarto azul,0
C:/Users/Natalia/Desktop/PADIA/endansys/dataset/training/Lagarto_azul/imagen_027.jpg,lagarto azul,0
C:/Users/Natalia/Desktop/PADIA/endansys/dataset/training/Loro_orejiamarillo/10.jpg,loro orejiamarillo,0
C:/Users/Natalia/Desktop/PADIA/endansys/dataset/training/Loro_orejiamarillo/12.jpg,loro orejiamarillo,0
C:/Users/Natalia/Desktop/PADIA/endansys/dataset/training/Loro_orejiamarillo/13.jpg,loro orejiamarillo,0
C:/Users/Natalia/Desktop/PADIA/endansys/dataset/training/Loro_orejiamarillo/18.jpg,loro orejiamarillo,0
C:/Users/Natalia/Desktop/PADIA/endansys/dataset/training/Loro_orejiamarillo/2.jpg,loro orejiamarillo,0
C:/Users/Natalia/Desktop/PADIA/endansys/dataset/training/Loro_orejiamarillo/20.jpg,loro orejiamarillo,0
C:/Users/Natalia/Desktop/PADIA/endansys/dataset/training/Loro_orejiamarillo/21.jpg,loro orejiamarillo,0
C:/Users/Natalia/Desktop/PADIA/endansys/dataset/training/Loro_orejiamarillo/22.jpg,loro orejiamarillo,0
C:/Users/Natalia/Desktop/PADIA/endansys/dataset/training/Loro_orejiamarillo/23.jpg,loro orejiamarillo,0
C:/Users/Natalia/Desktop/PADIA/endansys/dataset/training/Loro_orejiamarillo/24.jpg,loro orejiamarillo,0
C:/Users/Natalia/Desktop/PADIA/endansys/dataset/training/Loro_orejiamarillo/26.jpg,loro orejiamarillo,0
C:/Users/Natalia/Desktop/PADIA/endansys/dataset/training/Loro_orejiamarillo/27.jpg,loro orejiamarillo,0
C:/Users/Natalia/Desktop/PADIA/endansys/dataset/training/Loro_orejiamarillo/28.jpg,loro orejiamarillo,0
C:/Users/Natalia/Desktop/PADIA/endansys/dataset/training/Loro_orejiamarillo/30.jpg,loro orejiamarillo,0
C:/Users/Natalia/Desktop/PADIA/endansys/dataset/training/Loro_orejiamarillo/31.jpg,loro orejiamarillo,0
C:/Users/Natalia/Desktop/PADIA/endansys/dataset/training/Loro_orejiamarillo/33.jpg,loro orejiamarillo,0
C:/Users/Natalia/Desktop/PADIA/endansys/dataset/training/Loro_orejiamarillo/34.jpg,loro orejiamarillo,0
C:/Users/Natalia/Desktop/PADIA/endansys/dataset/training/Loro_orejiamarillo/35.jpg,loro orejiamarillo,0
C:/Users/Natalia/Desktop/PADIA/endansys/dataset/training/Loro_orejiamarillo/37.jpg,loro orejiamarillo,0
C:/Users/Natalia/Desktop/PADIA/endansys/dataset/training/Loro_orejiamarillo/38.jpg,loro orejiamarillo,0
C:/Users/Natalia/Desktop/PADIA/endansys/dataset/training/Loro_orejiamarillo/39.jpg,loro orejiamarillo,0
C:/Users/Natalia/Desktop/PADIA/endansys/dataset/training/Loro_orejiamarillo/4.jpg,loro orejiamarillo,0
C:/Users/Natalia/Desktop/PADIA/endansys/dataset/training/Loro_orejiamarillo/40.jpg,loro orejiamarillo,0
C:/Users/Natalia/Desktop/PADIA/endansys/dataset/training/Loro_orejiamarillo/44.jpg,loro orejiamarillo,0
C:/Users/Natalia/Desktop/PADIA/endansys/dataset/training/Loro_orejiamarillo/45.jpg,loro orejiamarillo,0
C:/Users/Natalia/Desktop/PADIA/endansys/dataset/training/Loro_orejiamarillo/46.jpg,loro orejiamarillo,0
C:/Users/Natalia/Desktop/PADIA/endansys/dataset/training/Loro_orejiamarillo/47.jpg,loro orejiamarillo,0
C:/Users/Natalia/Desktop/PADIA/endansys/dataset/training/Loro_orejiamarillo/49.jpg,loro orejiamarillo,0
C:/Users/Natalia/Desktop/PADIA/endansys/dataset/training/Loro_orejiamarillo/6.jpg,loro orejiamarillo,0
C:/Users/Natalia/Desktop/PADIA/endansys/dataset/training/Loro_orejiamarillo/9.jpg,loro orejiamarillo,0
C:/Users/Natalia/Desktop/PADIA/endansys/dataset/training/Loro_orejiamarillo/imagen_001.jpg,loro orejiamarillo,0
C:/Users/Natalia/Desktop/PADIA/endansys/dataset/training/Loro_orejiamarillo/imagen_002.jpg,loro orejiamarillo,0
C:/Users/Natalia/Desktop/PADIA/endansys/dataset/training/Loro_orejiamarillo/imagen_003.jpg,loro orejiamarillo,0
C:/Users/Natalia/Desktop/PADIA/endansys/dataset/training/Loro_orejiamarillo/imagen_004.jpg,loro orejiamarillo,0
C:/Users/Natalia/Desktop/PADIA/endansys/dataset/training/Loro_orejiamarillo/imagen_005.jpg,loro orejiamarillo,0
C:/Users/Natalia/Desktop/PADIA/endansys/dataset/training/Loro_orejiamarillo/imagen_006.jpg,loro orejiamarillo,0
C:/Users/Natalia/Desktop/PADIA/endansys/dataset/training/Loro_orejiamarillo/imagen_007.jpg,loro orejiamarillo,0
C:/Users/Natalia/Desktop/PADIA/endansys/dataset/training/Loro_orejiamarillo/imagen_008.jpg,loro orejiamarillo,0
C:/Users/Natalia/Desktop/PADIA/endansys/dataset/training/Loro_orejiamarillo/imagen_009.jpg,loro orejiamarillo,0
C:/Users/Natalia/Desktop/PADIA/endansys/dataset/training/Loro_orejiamarillo/imagen_010.jpg,loro orejiamarillo,0
C:/Users/Natalia/Desktop/PADIA/endansys/dataset/training/Loro_orejiamarillo/imagen_011.jpg,loro orejiamarillo,0
C:/Users/Natalia/Desktop/PADIA/endansys/dataset/training/Loro_orejiamarillo/imagen_012.jpg,loro orejiamarillo,0
C:/Users/Natalia/Desktop/PADIA/endansys/dataset/training/Loro_orejiamarillo/imagen_013.jpg,loro orejiamarillo,0
C:/Users/Natalia/Desktop/PADIA/endansys/dataset/training/Loro_orejiamarillo/imagen_014.jpg,loro orejiamarillo,0
C:/Users/Natalia/Desktop/PADIA/endansys/dataset/training/Loro_orejiamarillo/imagen_015.jpg,loro orejiamarillo,0
C:/Users/Natalia/Desktop/PADIA/endansys/dataset/training/Loro_orejiamarillo/imagen_016.jpg,loro orejiamarillo,0
C:/Users/Natalia/Desktop/PADIA/endansys/dataset/training/Loro_orejiamarillo/imagen_017.jpg,loro orejiamarillo,0
C:/Users/Natalia/Desktop/PADIA/endansys/dataset/training/Loro_orejiamarillo/imagen_018.jpg,loro orejiamarillo,0
C:/Users/Natalia/Desktop/PADIA/endansys/dataset/training/Loro_orejiamarillo/imagen_019.jpg,loro orejiamarillo,0
C:/Users/Natalia/Desktop/PADIA/endansys/dataset/training/Loro_orejiamarillo/imagen_020.jpg,loro orejiamarillo,0
C:/Users/Natalia/Desktop/PADIA/endansys/dataset/training/Loro_orejiamarillo/imagen_021.jpg,loro orejiamarillo,0
C:/Users/Natalia/Desktop/PADIA/endansys/dataset/training/Loro_orejiamarillo/imagen_022.jpg,loro orejiamarillo,0
C:/Users/Natalia/Desktop/PADIA/endansys/dataset/training/Loro_orejiamarillo/imagen_023.jpg,loro orejiamarillo,0
C:/Users/Natalia/Desktop/PADIA/endansys/dataset/training/Loro_orejiamarillo/imagen_024.jpg,loro orejiamarillo,0
C:/Users/Natalia/Desktop/PADIA/endansys/dataset/training/Loro_orejiamarillo/imagen_025.jpg,loro orejiamarillo,0
C:/Users/Natalia/Desktop/PADIA/endansys/dataset/training/Loro_orejiamarillo/imagen_026.jpg,loro orejiamarillo,0
C:/Users/Natalia/Desktop/PADIA/endansys/dataset/training/Loro_orejiamarillo/imagen_027.jpg,loro orejiamarillo,0
C:/Users/Natalia/Desktop/PADIA/endansys/dataset/training/Manati_del_Caribe_peligro/1.jpg,manati del caribe,1
C:/Users/Natalia/Desktop/PADIA/endansys/dataset/training/Manati_del_Caribe_peligro/10.jpg,manati del caribe,1
C:/Users/Natalia/Desktop/PADIA/endansys/dataset/training/Manati_del_Caribe_peligro/15.jpg,manati del caribe,1
C:/Users/Natalia/Desktop/PADIA/endansys/dataset/training/Manati_del_Caribe_peligro/17.jpg,manati del caribe,1
C:/Users/Natalia/Desktop/PADIA/endansys/dataset/training/Manati_del_Caribe_peligro/18.jpg,manati del caribe,1
C:/Users/Natalia/Desktop/PADIA/endansys/dataset/training/Manati_del_Caribe_peligro/2.jpg,manati del caribe,1
C:/Users/Natalia/Desktop/PADIA/endansys/dataset/training/Manati_del_Caribe_peligro/20.jpg,manati del caribe,1
C:/Users/Natalia/Desktop/PADIA/endansys/dataset/training/Manati_del_Caribe_peligro/21.jpg,manati del caribe,1
C:/Users/Natalia/Desktop/PADIA/endansys/dataset/training/Manati_del_Caribe_peligro/22.jpg,manati del caribe,1
C:/Users/Natalia/Desktop/PADIA/endansys/dataset/training/Manati_del_Caribe_peligro/27.jpg,manati del caribe,1
C:/Users/Natalia/Desktop/PADIA/endansys/dataset/training/Manati_del_Caribe_peligro/3.jpg,manati del caribe,1
C:/Users/Natalia/Desktop/PADIA/endansys/dataset/training/Manati_del_Caribe_peligro/33.jpg,manati del caribe,1
C:/Users/Natalia/Desktop/PADIA/endansys/dataset/training/Manati_del_Caribe_peligro/36.jpg,manati del caribe,1
C:/Users/Natalia/Desktop/PADIA/endansys/dataset/training/Manati_del_Caribe_peligro/38.jpg,manati del caribe,1
C:/Users/Natalia/Desktop/PADIA/endansys/dataset/training/Manati_del_Caribe_peligro/39.jpg,manati del caribe,1
C:/Users/Natalia/Desktop/PADIA/endansys/dataset/training/Manati_del_Caribe_peligro/4.jpg,manati del caribe,1
C:/Users/Natalia/Desktop/PADIA/endansys/dataset/training/Manati_del_Caribe_peligro/40.jpg,manati del caribe,1
C:/Users/Natalia/Desktop/PADIA/endansys/dataset/training/Manati_del_Caribe_peligro/43.jpg,manati del caribe,1
C:/Users/Natalia/Desktop/PADIA/endansys/dataset/training/Manati_del_Caribe_peligro/44.jpg,manati del caribe,1
C:/Users/Natalia/Desktop/PADIA/endansys/dataset/training/Manati_del_Caribe_peligro/45.jpg,manati del caribe,1
C:/Users/Natalia/Desktop/PADIA/endansys/dataset/training/Manati_del_Caribe_peligro/46.jpg,manati del caribe,1
C:/Users/Natalia/Desktop/PADIA/endansys/dataset/training/Manati_del_Caribe_peligro/48.jpg,manati del caribe,1
C:/Users/Natalia/Desktop/PADIA/endansys/dataset/training/Manati_del_Caribe_peligro/5.jpg,manati del caribe,1
C:/Users/Natalia/Desktop/PADIA/endansys/dataset/training/Manati_del_Caribe_peligro/50.jpg,manati del caribe,1
C:/Users/Natalia/Desktop/PADIA/endansys/dataset/training/Manati_del_Caribe_peligro/6.jpg,manati del caribe,1
C:/Users/Natalia/Desktop/PADIA/endansys/dataset/training/Manati_del_Caribe_peligro/7.jpg,manati del caribe,1
C:/Users/Natalia/Desktop/PADIA/endansys/dataset/training/Manati_del_Caribe_peligro/8.jpg,manati del caribe,1
C:/Users/Natalia/Desktop/PADIA/endansys/dataset/training/Manati_del_Caribe_peligro/9.jpg,manati del caribe,1
C:/Users/Natalia/Desktop/PADIA/endansys/dataset/training/Manati_del_Caribe_peligro/imagen_001.jpg,manati del caribe,1
C:/Users/Natalia/Desktop/PADIA/endansys/dataset/training/Manati_del_Caribe_peligro/imagen_002.jpg,manati del caribe,1
C:/Users/Natalia/Desktop/PADIA/endansys/dataset/training/Manati_del_Caribe_peligro/imagen_003.jpg,manati del caribe,1
C:/Users/Natalia/Desktop/PADIA/endansys/dataset/training/Manati_del_Caribe_peligro/imagen_005.jpg,manati del caribe,1
C:/Users/Natalia/Desktop/PADIA/endansys/dataset/training/Manati_del_Caribe_peligro/imagen_006.jpg,manati del caribe,1
C:/Users/Natalia/Desktop/PADIA/endansys/dataset/training/Manati_del_Caribe_peligro/imagen_007.jpg,manati del caribe,1
C:/Users/Natalia/Desktop/PADIA/endansys/dataset/training/Manati_del_Caribe_peligro/imagen_008.jpg,manati del caribe,1
C:/Users/Natalia/Desktop/PADIA/endansys/dataset/training/Manati_del_Caribe_peligro/imagen_009.jpg,manati del caribe,1
C:/Users/Natalia/Desktop/PADIA/endansys/dataset/training/Manati_del_Caribe_peligro/imagen_010.jpg,manati del caribe,1
C:/Users/Natalia/Desktop/PADIA/endansys/dataset/training/Manati_del_Caribe_peligro/imagen_011.jpg,manati del caribe,1
C:/Users/Natalia/Desktop/PADIA/endansys/dataset/training/Manati_del_Caribe_peligro/imagen_012.jpg,manati del caribe,1
C:/Users/Natalia/Desktop/PADIA/endansys/dataset/training/Manati_del_Caribe_peligro/imagen_013.jpg,manati del caribe,1
C:/Users/Natalia/Desktop/PADIA/endansys/dataset/training/Manati_del_Caribe_peligro/imagen_014.jpg,manati del caribe,1
C:/Users/Natalia/Desktop/PADIA/endansys/dataset/training/Manati_del_Caribe_peligro/imagen_015.jpg,manati del caribe,1
C:/Users/Natalia/Desktop/PADIA/endansys/dataset/training/Manati_del_Caribe_peligro/imagen_016.jpg,manati del caribe,1
C:/Users/Natalia/Desktop/PADIA/endansys/dataset/training/Manati_del_Caribe_peligro/imagen_017.jpg,manati del caribe,1
C:/Users/Natalia/Desktop/PADIA/endansys/dataset/training/Manati_del_Caribe_peligro/imagen_018.jpg,manati del caribe,1
C:/Users/Natalia/Desktop/PADIA/endansys/dataset/training/Manati_del_Caribe_peligro/imagen_019.jpg,manati del caribe,1
C:/Users/Natalia/Desktop/PADIA/endansys/dataset/training/Manati_del_Caribe_peligro/imagen_020.jpg,manati del caribe,1
C:/Users/Natalia/Desktop/PADIA/endansys/dataset/training/Manati_del_Caribe_peligro/imagen_021.jpg,manati del caribe,1
C:/Users/Natalia/Desktop/PADIA/endansys/dataset/training/Manati_del_Caribe_peligro/imagen_022.jpg,manati del caribe,1
C:/Users/Natalia/Desktop/PADIA/endansys/dataset/training/Manati_del_Caribe_peligro/imagen_023.jpg,manati del caribe,1
C:/Users/Natalia/Desktop/PADIA/endansys/dataset/training/Manati_del_Caribe_peligro/imagen_024.jpg,manati del caribe,1
C:/Users/Natalia/Desktop/PADIA/endansys/dataset/training/Manati_del_Caribe_peligro/imagen_025.jpg,manati del caribe,1
C:/Users/Natalia/Desktop/PADIA/endansys/dataset/training/Manati_del_Caribe_peligro/imagen_026.jpg,manati del caribe,1
C:/Users/Natalia/Desktop/PADIA/endansys/dataset/training/Manati_del_Caribe_peligro/imagen_027.jpg,manati del caribe,1
C:/Users/Natalia/Desktop/PADIA/endansys/dataset/training/Manati_del_Caribe_peligro/imagen_028.jpg,manati del caribe,1
C:/Users/Natalia/Desktop/PADIA/endansys/dataset/training/Manati_del_Caribe_peligro/imagen_029.jpg,manati del caribe,1
C:/Users/Natalia/Desktop/PADIA/endansys/dataset/training/Manati_del_Caribe_peligro/imagen_030.jpg,manati del caribe,1
C:/Users/Natalia/Desktop/PADIA/endansys/dataset/training/Manati_del_Caribe_peligro/imagen_031.jpg,manati del caribe,1
C:/Users/Natalia/Desktop/PADIA/endansys/dataset/training/Manati_del_Caribe_peligro/imagen_032.jpg,manati del caribe,1
C:/Users/Natalia/Desktop/PADIA/endansys/dataset/training/Marimonda/1.jpg,marimonda,0
C:/Users/Natalia/Desktop/PADIA/endansys/dataset/training/Marimonda/10.jpg,marimonda,0
C:/Users/Natalia/Desktop/PADIA/endansys/dataset/training/Marimonda/11.jpg,marimonda,0
C:/Users/Natalia/Desktop/PADIA/endansys/dataset/training/Marimonda/2.jpg,marimonda,0
C:/Users/Natalia/Desktop/PADIA/endansys/dataset/training/Marimonda/22.jpg,marimonda,0
C:/Users/Natalia/Desktop/PADIA/endansys/dataset/training/Marimonda/3.jpg,marimonda,0
C:/Users/Natalia/Desktop/PADIA/endansys/dataset/training/Marimonda/33.jpg,marimonda,0
C:/Users/Natalia/Desktop/PADIA/endansys/dataset/training/Marimonda/34.jpg,marimonda,0
C:/Users/Natalia/Desktop/PADIA/endansys/dataset/training/Marimonda/41.jpg,marimonda,0
C:/Users/Natalia/Desktop/PADIA/endansys/dataset/training/Marimonda/42.jpg,marimonda,0
C:/Users/Natalia/Desktop/PADIA/endansys/dataset/training/Marimonda/48.jpg,marimonda,0
C:/Users/Natalia/Desktop/PADIA/endansys/dataset/training/Marimonda/8.jpg,marimonda,0
C:/Users/Natalia/Desktop/PADIA/endansys/dataset/training/Marimonda/9.jpg,marimonda,0
C:/Users/Natalia/Desktop/PADIA/endansys/dataset/training/Marimonda/imagen_001.jpg,marimonda,0
C:/Users/Natalia/Desktop/PADIA/endansys/dataset/training/Marimonda/imagen_002.jpg,marimonda,0
C:/Users/Natalia/Desktop/PADIA/endansys/dataset/training/Marimonda/imagen_003.jpg,marimonda,0
C:/Users/Natalia/Desktop/PADIA/endansys/dataset/training/Marimonda/imagen_004.jpg,marimonda,0
C:/Users/Natalia/Desktop/PADIA/endansys/dataset/training/Marimonda/imagen_005.jpg,marimonda,0
C:/Users/Natalia/Desktop/PADIA/endansys/dataset/training/Marimonda/imagen_006.jpg,marimonda,0
C:/Users/Natalia/Desktop/PADIA/endansys/dataset/training/Marimonda/imagen_007.jpg,marimonda,0
C:/Users/Natalia/Desktop/PADIA/endansys/dataset/training/Marimonda/imagen_008.jpg,marimonda,0
C:/Users/Natalia/Desktop/PADIA/endansys/dataset/training/Marimonda/imagen_009.jpg,marimonda,0
C:/Users/Natalia/Desktop/PADIA/endansys/dataset/training/Marimonda/imagen_010.jpg,marimonda,0
C:/Users/Natalia/Desktop/PADIA/endansys/dataset/training/Marimonda/imagen_011.jpg,marimonda,0
C:/Users/Natalia/Desktop/PADIA/endansys/dataset/training/Marimonda/imagen_012.jpg,marimonda,0
C:/Users/Natalia/Desktop/PADIA/endansys/dataset/training/Marimonda/imagen_013.jpg,marimonda,0
C:/Users/Natalia/Desktop/PADIA/endansys/dataset/training/Martin_pescador/14.jpg,martin pescador,0
C:/Users/Natalia/Desktop/PADIA/endansys/dataset/training/Martin_pescador/19.jpg,martin pescador,0
C:/Users/Natalia/Desktop/PADIA/endansys/dataset/training/Martin_pescador/21.jpg,martin pescador,0
C:/Users/Natalia/Desktop/PADIA/endansys/dataset/training/Martin_pescador/23.jpg,martin pescador,0
C:/Users/Natalia/Desktop/PADIA/endansys/dataset/training/Martin_pescador/24.jpg,martin pescador,0
C:/Users/Natalia/Desktop/PADIA/endansys/dataset/training/Martin_pescador/26.jpg,martin pescador,0
C:/Users/Natalia/Desktop/PADIA/endansys/dataset/training/Martin_pescador/30.jpg,martin pescador,0
C:/Users/Natalia/Desktop/PADIA/endansys/dataset/training/Martin_pescador/31.jpg,martin pescador,0
C:/Users/Natalia/Desktop/PADIA/endansys/dataset/training/Martin_pescador/32.jpg,martin pescador,0
C:/Users/Natalia/Desktop/PADIA/endansys/dataset/training/Martin_pescador/33.jpg,martin pescador,0
C:/Users/Natalia/Desktop/PADIA/endansys/dataset/training/Martin_pescador/34.jpg,martin pescador,0
C:/Users/Natalia/Desktop/PADIA/endansys/dataset/training/Martin_pescador/35.jpg,martin pescador,0
C:/Users/Natalia/Desktop/PADIA/endansys/dataset/training/Martin_pescador/36.jpg,martin pescador,0
C:/Users/Natalia/Desktop/PADIA/endansys/dataset/training/Martin_pescador/37.jpg,martin pescador,0
C:/Users/Natalia/Desktop/PADIA/endansys/dataset/training/Martin_pescador/39.jpg,martin pescador,0
C:/Users/Natalia/Desktop/PADIA/endansys/dataset/training/Martin_pescador/40.jpg,martin pescador,0
C:/Users/Natalia/Desktop/PADIA/endansys/dataset/training/Martin_pescador/42.jpg,martin pescador,0
C:/Users/Natalia/Desktop/PADIA/endansys/dataset/training/Martin_pescador/43.jpg,martin pescador,0
C:/Users/Natalia/Desktop/PADIA/endansys/dataset/training/Martin_pescador/44.jpg,martin pescador,0
C:/Users/Natalia/Desktop/PADIA/endansys/dataset/training/Martin_pescador/45.jpg,martin pescador,0
C:/Users/Natalia/Desktop/PADIA/endansys/dataset/training/Martin_pescador/47.jpg,martin pescador,0
C:/Users/Natalia/Desktop/PADIA/endansys/dataset/training/Martin_pescador/49.jpg,martin pescador,0
C:/Users/Natalia/Desktop/PADIA/endansys/dataset/training/Martin_pescador/6.jpg,martin pescador,0
C:/Users/Natalia/Desktop/PADIA/endansys/dataset/training/Martin_pescador/8.jpg,martin pescador,0
C:/Users/Natalia/Desktop/PADIA/endansys/dataset/training/Martin_pescador/imagen_001.jpg,martin pescador,0
C:/Users/Natalia/Desktop/PADIA/endansys/dataset/training/Martin_pescador/imagen_002.jpg,martin pescador,0
C:/Users/Natalia/Desktop/PADIA/endansys/dataset/training/Martin_pescador/imagen_003.jpg,martin pescador,0
C:/Users/Natalia/Desktop/PADIA/endansys/dataset/training/Martin_pescador/imagen_004.jpg,martin pescador,0
C:/Users/Natalia/Desktop/PADIA/endansys/dataset/training/Martin_pescador/imagen_005.jpg,martin pescador,0
C:/Users/Natalia/Desktop/PADIA/endansys/dataset/training/Martin_pescador/imagen_006.jpg,martin pescador,0
C:/Users/Natalia/Desktop/PADIA/endansys/dataset/training/Martin_pescador/imagen_007.jpg,martin pescador,0
C:/Users/Natalia/Desktop/PADIA/endansys/dataset/training/Martin_pescador/imagen_008.jpg,martin pescador,0
C:/Users/Natalia/Desktop/PADIA/endansys/dataset/training/Martin_pescador/imagen_009.jpg,martin pescador,0
C:/Users/Natalia/Desktop/PADIA/endansys/dataset/training/Martin_pescador/imagen_010.jpg,martin pescador,0
C:/Users/Natalia/Desktop/PADIA/endansys/dataset/training/Martin_pescador/imagen_011.jpg,martin pescador,0
C:/Users/Natalia/Desktop/PADIA/endansys/dataset/training/Martin_pescador/imagen_012.jpg,martin pescador,0
C:/Users/Natalia/Desktop/PADIA/endansys/dataset/training/Martin_pescador/imagen_013.jpg,martin pescador,0
C:/Users/Natalia/Desktop/PADIA/endansys/dataset/training/Martin_pescador/imagen_014.jpg,martin pescador,0
C:/Users/Natalia/Desktop/PADIA/endansys/dataset/training/Martin_pescador/imagen_015.jpg,martin pescador,0
C:/Users/Natalia/Desktop/PADIA/endansys/dataset/training/Martin_pescador/imagen_016.jpg,martin pescador,0
C:/Users/Natalia/Desktop/PADIA/endansys/dataset/training/Martin_pescador/imagen_017.jpg,martin pescador,0
C:/Users/Natalia/Desktop/PADIA/endansys/dataset/training/Martin_pescador/imagen_018.jpg,martin pescador,0
C:/Users/Natalia/Desktop/PADIA/endansys/dataset/training/Martin_pescador/imagen_019.jpg,martin pescador,0
C:/Users/Natalia/Desktop/PADIA/endansys/dataset/training/Martin_pescador/imagen_020.jpg,martin pescador,0
C:/Users/Natalia/Desktop/PADIA/endansys/dataset/training/Martin_pescador/imagen_021.jpg,martin pescador,0
C:/Users/Natalia/Desktop/PADIA/endansys/dataset/training/Mico_titi_gris_peligro/10.jpg,mico titi gris,1
C:/Users/Natalia/Desktop/PADIA/endansys/dataset/training/Mico_titi_gris_peligro/11.jpg,mico titi gris,1
C:/Users/Natalia/Desktop/PADIA/endansys/dataset/training/Mico_titi_gris_peligro/12.jpg,mico titi gris,1
C:/Users/Natalia/Desktop/PADIA/endansys/dataset/training/Mico_titi_gris_peligro/14.jpg,mico titi gris,1
C:/Users/Natalia/Desktop/PADIA/endansys/dataset/training/Mico_titi_gris_peligro/16.jpg,mico titi gris,1
C:/Users/Natalia/Desktop/PADIA/endansys/dataset/training/Mico_titi_gris_peligro/2.jpg,mico titi gris,1
C:/Users/Natalia/Desktop/PADIA/endansys/dataset/training/Mico_titi_gris_peligro/20.jpg,mico titi gris,1
C:/Users/Natalia/Desktop/PADIA/endansys/dataset/training/Mico_titi_gris_peligro/21.jpg,mico titi gris,1
C:/Users/Natalia/Desktop/PADIA/endansys/dataset/training/Mico_titi_gris_peligro/22.jpg,mico titi gris,1
C:/Users/Natalia/Desktop/PADIA/endansys/dataset/training/Mico_titi_gris_peligro/23.jpg,mico titi gris,1
C:/Users/Natalia/Desktop/PADIA/endansys/dataset/training/Mico_titi_gris_peligro/24.jpg,mico titi gris,1
C:/Users/Natalia/Desktop/PADIA/endansys/dataset/training/Mico_titi_gris_peligro/25.jpg,mico titi gris,1
C:/Users/Natalia/Desktop/PADIA/endansys/dataset/training/Mico_titi_gris_peligro/30.jpg,mico titi gris,1
C:/Users/Natalia/Desktop/PADIA/endansys/dataset/training/Mico_titi_gris_peligro/34.jpg,mico titi gris,1
C:/Users/Natalia/Desktop/PADIA/endansys/dataset/training/Mico_titi_gris_peligro/36.jpg,mico titi gris,1
C:/Users/Natalia/Desktop/PADIA/endansys/dataset/training/Mico_titi_gris_peligro/39.jpg,mico titi gris,1
C:/Users/Natalia/Desktop/PADIA/endansys/dataset/training/Mico_titi_gris_peligro/41.jpg,mico titi gris,1
C:/Users/Natalia/Desktop/PADIA/endansys/dataset/training/Mico_titi_gris_peligro/42.jpg,mico titi gris,1
C:/Users/Natalia/Desktop/PADIA/endansys/dataset/training/Mico_titi_gris_peligro/43.jpg,mico titi gris,1
C:/Users/Natalia/Desktop/PADIA/endansys/dataset/training/Mico_titi_gris_peligro/45.jpg,mico titi gris,1
C:/Users/Natalia/Desktop/PADIA/endansys/dataset/training/Mico_titi_gris_peligro/48.jpg,mico titi gris,1
C:/Users/Natalia/Desktop/PADIA/endansys/dataset/training/Mico_titi_gris_peligro/49.jpg,mico titi gris,1
C:/Users/Natalia/Desktop/PADIA/endansys/dataset/training/Mico_titi_gris_peligro/5.jpg,mico titi gris,1
C:/Users/Natalia/Desktop/PADIA/endansys/dataset/training/Mico_titi_gris_peligro/8.jpg,mico titi gris,1
C:/Users/Natalia/Desktop/PADIA/endansys/dataset/training/Mico_titi_gris_peligro/9.jpg,mico titi gris,1
C:/Users/Natalia/Desktop/PADIA/endansys/dataset/training/Mico_titi_gris_peligro/imagen_001.jpg,mico titi gris,1
C:/Users/Natalia/Desktop/PADIA/endansys/dataset/training/Mico_titi_gris_peligro/imagen_002.jpg,mico titi gris,1
C:/Users/Natalia/Desktop/PADIA/endansys/dataset/training/Mico_titi_gris_peligro/imagen_003.jpg,mico titi gris,1
C:/Users/Natalia/Desktop/PADIA/endansys/dataset/training/Mico_titi_gris_peligro/imagen_004.jpg,mico titi gris,1
C:/Users/Natalia/Desktop/PADIA/endansys/dataset/training/Mico_titi_gris_peligro/imagen_005.jpg,mico titi gris,1
C:/Users/Natalia/Desktop/PADIA/endansys/dataset/training/Mico_titi_gris_peligro/imagen_006.jpg,mico titi gris,1
C:/Users/Natalia/Desktop/PADIA/endansys/dataset/training/Mico_titi_gris_peligro/imagen_007.jpg,mico titi gris,1
C:/Users/Natalia/Desktop/PADIA/endansys/dataset/training/Mico_titi_gris_peligro/imagen_008.jpg,mico titi gris,1
C:/Users/Natalia/Desktop/PADIA/endansys/dataset/training/Mico_titi_gris_peligro/imagen_009.jpg,mico titi gris,1
C:/Users/Natalia/Desktop/PADIA/endansys/dataset/training/Mico_titi_gris_peligro/imagen_010.jpg,mico titi gris,1
C:/Users/Natalia/Desktop/PADIA/endansys/dataset/training/Mico_titi_gris_peligro/imagen_011.jpg,mico titi gris,1
C:/Users/Natalia/Desktop/PADIA/endansys/dataset/training/Mico_titi_gris_peligro/imagen_012.jpg,mico titi gris,1
C:/Users/Natalia/Desktop/PADIA/endansys/dataset/training/Mico_titi_gris_peligro/imagen_013.jpg,mico titi gris,1
C:/Users/Natalia/Desktop/PADIA/endansys/dataset/training/Mico_titi_gris_peligro/imagen_014.jpg,mico titi gris,1
C:/Users/Natalia/Desktop/PADIA/endansys/dataset/training/Mico_titi_gris_peligro/imagen_015.jpg,mico titi gris,1
C:/Users/Natalia/Desktop/PADIA/endansys/dataset/training/Mico_titi_gris_peligro/imagen_016.jpg,mico titi gris,1
C:/Users/Natalia/Desktop/PADIA/endansys/dataset/training/Mico_titi_gris_peligro/imagen_017.jpg,mico titi gris,1
C:/Users/Natalia/Desktop/PADIA/endansys/dataset/training/Mico_titi_gris_peligro/imagen_018.jpg,mico titi gris,1
C:/Users/Natalia/Desktop/PADIA/endansys/dataset/training/Mico_titi_gris_peligro/imagen_019.jpg,mico titi gris,1
C:/Users/Natalia/Desktop/PADIA/endansys/dataset/training/Mico_titi_gris_peligro/imagen_020.jpg,mico titi gris,1
C:/Users/Natalia/Desktop/PADIA/endansys/dataset/training/Mico_titi_gris_peligro/imagen_021.jpg,mico titi gris,1
C:/Users/Natalia/Desktop/PADIA/endansys/dataset/training/Mico_titi_gris_peligro/imagen_022.jpg,mico titi gris,1
C:/Users/Natalia/Desktop/PADIA/endansys/dataset/training/Mico_titi_gris_peligro/imagen_023.jpg,mico titi gris,1
C:/Users/Natalia/Desktop/PADIA/endansys/dataset/training/Mico_titi_gris_peligro/imagen_024.jpg,mico titi gris,1
C:/Users/Natalia/Desktop/PADIA/endansys/dataset/training/Mico_titi_gris_peligro/imagen_025.jpg,mico titi gris,1
C:/Users/Natalia/Desktop/PADIA/endansys/dataset/training/Mico_titi_gris_peligro/imagen_026.jpg,mico titi gris,1
C:/Users/Natalia/Desktop/PADIA/endansys/dataset/training/Mico_titi_gris_peligro/imagen_027.jpg,mico titi gris,1
C:/Users/Natalia/Desktop/PADIA/endansys/dataset/training/Mico_titi_gris_peligro/imagen_028.jpg,mico titi gris,1
C:/Users/Natalia/Desktop/PADIA/endansys/dataset/training/Mico_titi_gris_peligro/imagen_029.jpg,mico titi gris,1
C:/Users/Natalia/Desktop/PADIA/endansys/dataset/training/Mono_aullador/1.jpg,mono aullador,0
C:/Users/Natalia/Desktop/PADIA/endansys/dataset/training/Mono_aullador/11.jpg,mono aullador,0
C:/Users/Natalia/Desktop/PADIA/endansys/dataset/training/Mono_aullador/12.jpg,mono aullador,0
C:/Users/Natalia/Desktop/PADIA/endansys/dataset/training/Mono_aullador/13.jpg,mono aullador,0
C:/Users/Natalia/Desktop/PADIA/endansys/dataset/training/Mono_aullador/14.jpg,mono aullador,0
C:/Users/Natalia/Desktop/PADIA/endansys/dataset/training/Mono_aullador/16.jpg,mono aullador,0
C:/Users/Natalia/Desktop/PADIA/endansys/dataset/training/Mono_aullador/17.jpg,mono aullador,0
C:/Users/Natalia/Desktop/PADIA/endansys/dataset/training/Mono_aullador/19.jpg,mono aullador,0
C:/Users/Natalia/Desktop/PADIA/endansys/dataset/training/Mono_aullador/20.jpg,mono aullador,0
C:/Users/Natalia/Desktop/PADIA/endansys/dataset/training/Mono_aullador/21.jpg,mono aullador,0
C:/Users/Natalia/Desktop/PADIA/endansys/dataset/training/Mono_aullador/22.jpg,mono aullador,0
C:/Users/Natalia/Desktop/PADIA/endansys/dataset/training/Mono_aullador/23.jpg,mono aullador,0
C:/Users/Natalia/Desktop/PADIA/endansys/dataset/training/Mono_aullador/24.jpg,mono aullador,0
C:/Users/Natalia/Desktop/PADIA/endansys/dataset/training/Mono_aullador/27.jpg,mono aullador,0
C:/Users/Natalia/Desktop/PADIA/endansys/dataset/training/Mono_aullador/29.jpg,mono aullador,0
C:/Users/Natalia/Desktop/PADIA/endansys/dataset/training/Mono_aullador/3.jpg,mono aullador,0
C:/Users/Natalia/Desktop/PADIA/endansys/dataset/training/Mono_aullador/30.jpg,mono aullador,0
C:/Users/Natalia/Desktop/PADIA/endansys/dataset/training/Mono_aullador/32.jpg,mono aullador,0
C:/Users/Natalia/Desktop/PADIA/endansys/dataset/training/Mono_aullador/35.jpg,mono aullador,0
C:/Users/Natalia/Desktop/PADIA/endansys/dataset/training/Mono_aullador/37.jpg,mono aullador,0
C:/Users/Natalia/Desktop/PADIA/endansys/dataset/training/Mono_aullador/41.jpg,mono aullador,0
C:/Users/Natalia/Desktop/PADIA/endansys/dataset/training/Mono_aullador/42.jpg,mono aullador,0
C:/Users/Natalia/Desktop/PADIA/endansys/dataset/training/Mono_aullador/46.jpg,mono aullador,0
C:/Users/Natalia/Desktop/PADIA/endansys/dataset/training/Mono_aullador/47.jpg,mono aullador,0
C:/Users/Natalia/Desktop/PADIA/endansys/dataset/training/Mono_aullador/48.jpg,mono aullador,0
C:/Users/Natalia/Desktop/PADIA/endansys/dataset/training/Mono_aullador/49.jpg,mono aullador,0
C:/Users/Natalia/Desktop/PADIA/endansys/dataset/training/Mono_aullador/5.jpg,mono aullador,0
C:/Users/Natalia/Desktop/PADIA/endansys/dataset/training/Mono_aullador/50.jpg,mono aullador,0
C:/Users/Natalia/Desktop/PADIA/endansys/dataset/training/Mono_aullador/8.jpg,mono aullador,0
C:/Users/Natalia/Desktop/PADIA/endansys/dataset/training/Mono_aullador/imagen_001.jpg,mono aullador,0
C:/Users/Natalia/Desktop/PADIA/endansys/dataset/training/Mono_aullador/imagen_002.jpg,mono aullador,0
C:/Users/Natalia/Desktop/PADIA/endansys/dataset/training/Mono_aullador/imagen_003.jpg,mono aullador,0
C:/Users/Natalia/Desktop/PADIA/endansys/dataset/training/Mono_aullador/imagen_004.jpg,mono aullador,0
C:/Users/Natalia/Desktop/PADIA/endansys/dataset/training/Mono_aullador/imagen_005.jpg,mono aullador,0
C:/Users/Natalia/Desktop/PADIA/endansys/dataset/training/Mono_aullador/imagen_006.jpg,mono aullador,0
C:/Users/Natalia/Desktop/PADIA/endansys/dataset/training/Mono_aullador/imagen_007.jpg,mono aullador,0
C:/Users/Natalia/Desktop/PADIA/endansys/dataset/training/Mono_aullador/imagen_008.jpg,mono aullador,0
C:/Users/Natalia/Desktop/PADIA/endansys/dataset/training/Mono_aullador/imagen_009.jpg,mono aullador,0
C:/Users/Natalia/Desktop/PADIA/endansys/dataset/training/Mono_aullador/imagen_010.jpg,mono aullador,0
C:/Users/Natalia/Desktop/PADIA/endansys/dataset/training/Mono_aullador/imagen_011.jpg,mono aullador,0
C:/Users/Natalia/Desktop/PADIA/endansys/dataset/training/Mono_aullador/imagen_012.jpg,mono aullador,0
C:/Users/Natalia/Desktop/PADIA/endansys/dataset/training/Mono_aullador/imagen_013.jpg,mono aullador,0
C:/Users/Natalia/Desktop/PADIA/endansys/dataset/training/Mono_aullador/imagen_014.jpg,mono aullador,0
C:/Users/Natalia/Desktop/PADIA/endansys/dataset/training/Mono_aullador/imagen_015.jpg,mono aullador,0
C:/Users/Natalia/Desktop/PADIA/endansys/dataset/training/Mono_aullador/imagen_016.jpg,mono aullador,0
C:/Users/Natalia/Desktop/PADIA/endansys/dataset/training/Mono_aullador/imagen_017.jpg,mono aullador,0
C:/Users/Natalia/Desktop/PADIA/endansys/dataset/training/Mono_aullador/imagen_018.jpg,mono aullador,0
C:/Users/Natalia/Desktop/PADIA/endansys/dataset/training/Mono_aullador/imagen_019.jpg,mono aullador,0
C:/Users/Natalia/Desktop/PADIA/endansys/dataset/training/Mono_aullador/imagen_020.jpg,mono aullador,0
C:/Users/Natalia/Desktop/PADIA/endansys/dataset/training/Mono_aullador/imagen_021.jpg,mono aullador,0
C:/Users/Natalia/Desktop/PADIA/endansys/dataset/training/Mono_aullador/imagen_022.jpg,mono aullador,0
C:/Users/Natalia/Desktop/PADIA/endansys/dataset/training/Mono_aullador/imagen_023.jpg,mono aullador,0
C:/Users/Natalia/Desktop/PADIA/endansys/dataset/training/Mono_aullador/imagen_024.jpg,mono aullador,0
C:/Users/Natalia/Desktop/PADIA/endansys/dataset/training/Mono_aullador/imagen_025.jpg,mono aullador,0
C:/Users/Natalia/Desktop/PADIA/endansys/dataset/training/Mono_aullador/imagen_026.jpg,mono aullador,0
C:/Users/Natalia/Desktop/PADIA/endansys/dataset/training/Mono_aullador/imagen_027.jpg,mono aullador,0
C:/Users/Natalia/Desktop/PADIA/endansys/dataset/training/Mono_aullador/imagen_028.jpg,mono aullador,0
C:/Users/Natalia/Desktop/PADIA/endansys/dataset/training/Mono_aullador/imagen_029.jpg,mono aullador,0
C:/Users/Natalia/Desktop/PADIA/endansys/dataset/training/Mono_aullador/imagen_030.jpg,mono aullador,0
C:/Users/Natalia/Desktop/PADIA/endansys/dataset/training/Mono_lanudo/1.jpg,mono lanudo,0
C:/Users/Natalia/Desktop/PADIA/endansys/dataset/training/Mono_lanudo/10.jpg,mono lanudo,0
C:/Users/Natalia/Desktop/PADIA/endansys/dataset/training/Mono_lanudo/13.jpg,mono lanudo,0
C:/Users/Natalia/Desktop/PADIA/endansys/dataset/training/Mono_lanudo/2.jpg,mono lanudo,0
C:/Users/Natalia/Desktop/PADIA/endansys/dataset/training/Mono_lanudo/20.jpg,mono lanudo,0
C:/Users/Natalia/Desktop/PADIA/endansys/dataset/training/Mono_lanudo/21.jpg,mono lanudo,0
C:/Users/Natalia/Desktop/PADIA/endansys/dataset/training/Mono_lanudo/24.jpg,mono lanudo,0
C:/Users/Natalia/Desktop/PADIA/endansys/dataset/training/Mono_lanudo/26.jpg,mono lanudo,0
C:/Users/Natalia/Desktop/PADIA/endansys/dataset/training/Mono_lanudo/27.jpg,mono lanudo,0
C:/Users/Natalia/Desktop/PADIA/endansys/dataset/training/Mono_lanudo/28.jpg,mono lanudo,0
C:/Users/Natalia/Desktop/PADIA/endansys/dataset/training/Mono_lanudo/33.jpg,mono lanudo,0
C:/Users/Natalia/Desktop/PADIA/endansys/dataset/training/Mono_lanudo/34.jpg,mono lanudo,0
C:/Users/Natalia/Desktop/PADIA/endansys/dataset/training/Mono_lanudo/35.jpg,mono lanudo,0
C:/Users/Natalia/Desktop/PADIA/endansys/dataset/training/Mono_lanudo/36.jpg,mono lanudo,0
C:/Users/Natalia/Desktop/PADIA/endansys/dataset/training/Mono_lanudo/37.jpg,mono lanudo,0
C:/Users/Natalia/Desktop/PADIA/endansys/dataset/training/Mono_lanudo/39.jpg,mono lanudo,0
C:/Users/Natalia/Desktop/PADIA/endansys/dataset/training/Mono_lanudo/41.jpg,mono lanudo,0
C:/Users/Natalia/Desktop/PADIA/endansys/dataset/training/Mono_lanudo/42.jpg,mono lanudo,0
C:/Users/Natalia/Desktop/PADIA/endansys/dataset/training/Mono_lanudo/50.jpg,mono lanudo,0
C:/Users/Natalia/Desktop/PADIA/endansys/dataset/training/Mono_lanudo/6.jpg,mono lanudo,0
C:/Users/Natalia/Desktop/PADIA/endansys/dataset/training/Mono_lanudo/7.jpg,mono lanudo,0
C:/Users/Natalia/Desktop/PADIA/endansys/dataset/training/Mono_lanudo/imagen_001.jpg,mono lanudo,0
C:/Users/Natalia/Desktop/PADIA/endansys/dataset/training/Mono_lanudo/imagen_002.jpg,mono lanudo,0
C:/Users/Natalia/Desktop/PADIA/endansys/dataset/training/Mono_lanudo/imagen_003.jpg,mono lanudo,0
C:/Users/Natalia/Desktop/PADIA/endansys/dataset/training/Mono_lanudo/imagen_004.jpg,mono lanudo,0
C:/Users/Natalia/Desktop/PADIA/endansys/dataset/training/Mono_lanudo/imagen_005.jpg,mono lanudo,0
C:/Users/Natalia/Desktop/PADIA/endansys/dataset/training/Mono_lanudo/imagen_006.jpg,mono lanudo,0
C:/Users/Natalia/Desktop/PADIA/endansys/dataset/training/Mono_lanudo/imagen_007.jpg,mono lanudo,0
C:/Users/Natalia/Desktop/PADIA/endansys/dataset/training/Mono_lanudo/imagen_008.jpg,mono lanudo,0
C:/Users/Natalia/Desktop/PADIA/endansys/dataset/training/Mono_lanudo/imagen_009.jpg,mono lanudo,0
C:/Users/Natalia/Desktop/PADIA/endansys/dataset/training/Mono_lanudo/imagen_010.jpg,mono lanudo,0
C:/Users/Natalia/Desktop/PADIA/endansys/dataset/training/Mono_lanudo/imagen_011.jpg,mono lanudo,0
C:/Users/Natalia/Desktop/PADIA/endansys/dataset/training/Mono_lanudo/imagen_012.jpg,mono lanudo,0
C:/Users/Natalia/Desktop/PADIA/endansys/dataset/training/Mono_lanudo/imagen_013.jpg,mono lanudo,0
C:/Users/Natalia/Desktop/PADIA/endansys/dataset/training/Mono_lanudo/imagen_014.jpg,mono lanudo,0
C:/Users/Natalia/Desktop/PADIA/endansys/dataset/training/Mono_lanudo/imagen_015.jpg,mono lanudo,0
C:/Users/Natalia/Desktop/PADIA/endansys/dataset/training/Mono_lanudo/imagen_016.jpg,mono lanudo,0
C:/Users/Natalia/Desktop/PADIA/endansys/dataset/training/Mono_lanudo/imagen_017.jpg,mono lanudo,0
C:/Users/Natalia/Desktop/PADIA/endansys/dataset/training/Mono_lanudo/imagen_018.jpg,mono lanudo,0
C:/Users/Natalia/Desktop/PADIA/endansys/dataset/training/Mono_lanudo/imagen_019.jpg,mono lanudo,0
C:/Users/Natalia/Desktop/PADIA/endansys/dataset/training/Mono_lanudo/imagen_020.jpg,mono lanudo,0
C:/Users/Natalia/Desktop/PADIA/endansys/dataset/training/Mono_lanudo/imagen_021.jpg,mono lanudo,0
C:/Users/Natalia/Desktop/PADIA/endansys/dataset/training/Mono_lanudo/imagen_022.jpg,mono lanudo,0
C:/Users/Natalia/Desktop/PADIA/endansys/dataset/training/Mono_lanudo/imagen_023.jpg,mono lanudo,0
C:/Users/Natalia/Desktop/PADIA/endansys/dataset/training/Mono_lanudo/imagen_024.jpg,mono lanudo,0
C:/Users/Natalia/Desktop/PADIA/endansys/dataset/training/Mono_nocturno/11.jpg,mono nocturno,0
C:/Users/Natalia/Desktop/PADIA/endansys/dataset/training/Mono_nocturno/12.jpg,mono nocturno,0
C:/Users/Natalia/Desktop/PADIA/endansys/dataset/training/Mono_nocturno/16.jpg,mono nocturno,0
C:/Users/Natalia/Desktop/PADIA/endansys/dataset/training/Mono_nocturno/17.jpg,mono nocturno,0
C:/Users/Natalia/Desktop/PADIA/endansys/dataset/training/Mono_nocturno/18.jpg,mono nocturno,0
C:/Users/Natalia/Desktop/PADIA/endansys/dataset/training/Mono_nocturno/19.jpg,mono nocturno,0
C:/Users/Natalia/Desktop/PADIA/endansys/dataset/training/Mono_nocturno/2.jpg,mono nocturno,0
C:/Users/Natalia/Desktop/PADIA/endansys/dataset/training/Mono_nocturno/20.jpg,mono nocturno,0
C:/Users/Natalia/Desktop/PADIA/endansys/dataset/training/Mono_nocturno/22.jpg,mono nocturno,0
C:/Users/Natalia/Desktop/PADIA/endansys/dataset/training/Mono_nocturno/24.jpg,mono nocturno,0
C:/Users/Natalia/Desktop/PADIA/endansys/dataset/training/Mono_nocturno/25.jpg,mono nocturno,0
C:/Users/Natalia/Desktop/PADIA/endansys/dataset/training/Mono_nocturno/27.jpg,mono nocturno,0
C:/Users/Natalia/Desktop/PADIA/endansys/dataset/training/Mono_nocturno/31.jpg,mono nocturno,0
C:/Users/Natalia/Desktop/PADIA/endansys/dataset/training/Mono_nocturno/33.jpg,mono nocturno,0
C:/Users/Natalia/Desktop/PADIA/endansys/dataset/training/Mono_nocturno/35.jpg,mono nocturno,0
C:/Users/Natalia/Desktop/PADIA/endansys/dataset/training/Mono_nocturno/36.jpg,mono nocturno,0
C:/Users/Natalia/Desktop/PADIA/endansys/dataset/training/Mono_nocturno/37.jpg,mono nocturno,0
C:/Users/Natalia/Desktop/PADIA/endansys/dataset/training/Mono_nocturno/38.jpg,mono nocturno,0
C:/Users/Natalia/Desktop/PADIA/endansys/dataset/training/Mono_nocturno/4.jpg,mono nocturno,0
C:/Users/Natalia/Desktop/PADIA/endansys/dataset/training/Mono_nocturno/42.jpg,mono nocturno,0
C:/Users/Natalia/Desktop/PADIA/endansys/dataset/training/Mono_nocturno/45.jpg,mono nocturno,0
C:/Users/Natalia/Desktop/PADIA/endansys/dataset/training/Mono_nocturno/46.jpg,mono nocturno,0
C:/Users/Natalia/Desktop/PADIA/endansys/dataset/training/Mono_nocturno/48.jpg,mono nocturno,0
C:/Users/Natalia/Desktop/PADIA/endansys/dataset/training/Mono_nocturno/6.jpg,mono nocturno,0
C:/Users/Natalia/Desktop/PADIA/endansys/dataset/training/Mono_nocturno/7.jpg,mono nocturno,0
C:/Users/Natalia/Desktop/PADIA/endansys/dataset/training/Mono_nocturno/9.jpg,mono nocturno,0
C:/Users/Natalia/Desktop/PADIA/endansys/dataset/training/Mono_nocturno/imagen_001.jpg,mono nocturno,0
C:/Users/Natalia/Desktop/PADIA/endansys/dataset/training/Mono_nocturno/imagen_002.jpg,mono nocturno,0
C:/Users/Natalia/Desktop/PADIA/endansys/dataset/training/Mono_nocturno/imagen_003.jpg,mono nocturno,0
C:/Users/Natalia/Desktop/PADIA/endansys/dataset/training/Mono_nocturno/imagen_004.jpg,mono nocturno,0
C:/Users/Natalia/Desktop/PADIA/endansys/dataset/training/Mono_nocturno/imagen_005.jpg,mono nocturno,0
C:/Users/Natalia/Desktop/PADIA/endansys/dataset/training/Mono_nocturno/imagen_006.jpg,mono nocturno,0
C:/Users/Natalia/Desktop/PADIA/endansys/dataset/training/Mono_nocturno/imagen_007.jpg,mono nocturno,0
C:/Users/Natalia/Desktop/PADIA/endansys/dataset/training/Mono_nocturno/imagen_008.jpg,mono nocturno,0
C:/Users/Natalia/Desktop/PADIA/endansys/dataset/training/Mono_nocturno/imagen_009.jpg,mono nocturno,0
C:/Users/Natalia/Desktop/PADIA/endansys/dataset/training/Mono_nocturno/imagen_010.jpg,mono nocturno,0
C:/Users/Natalia/Desktop/PADIA/endansys/dataset/training/Mono_nocturno/imagen_011.jpg,mono nocturno,0
C:/Users/Natalia/Desktop/PADIA/endansys/dataset/training/Mono_nocturno/imagen_012.jpg,mono nocturno,0
C:/Users/Natalia/Desktop/PADIA/endansys/dataset/training/Mono_nocturno/imagen_013.jpg,mono nocturno,0
C:/Users/Natalia/Desktop/PADIA/endansys/dataset/training/Mono_nocturno/imagen_014.jpg,mono nocturno,0
C:/Users/Natalia/Desktop/PADIA/endansys/dataset/training/Mono_nocturno/imagen_015.jpg,mono nocturno,0
C:/Users/Natalia/Desktop/PADIA/endansys/dataset/training/Mono_nocturno/imagen_016.jpg,mono nocturno,0
C:/Users/Natalia/Desktop/PADIA/endansys/dataset/training/Mono_nocturno/imagen_017.jpg,mono nocturno,0
C:/Users/Natalia/Desktop/PADIA/endansys/dataset/training/Mono_nocturno/imagen_018.jpg,mono nocturno,0
C:/Users/Natalia/Desktop/PADIA/endansys/dataset/training/Mono_nocturno/imagen_019.jpg,mono nocturno,0
C:/Users/Natalia/Desktop/PADIA/endansys/dataset/training/Mono_nocturno/imagen_020.jpg,mono nocturno,0
C:/Users/Natalia/Desktop/PADIA/endansys/dataset/training/Mono_nocturno/imagen_021.jpg,mono nocturno,0
C:/Users/Natalia/Desktop/PADIA/endansys/dataset/training/Mono_nocturno/imagen_022.jpg,mono nocturno,0
C:/Users/Natalia/Desktop/PADIA/endansys/dataset/training/Mono_nocturno/imagen_023.jpg,mono nocturno,0
C:/Users/Natalia/Desktop/PADIA/endansys/dataset/training/Mono_nocturno/imagen_024.jpg,mono nocturno,0
C:/Users/Natalia/Desktop/PADIA/endansys/dataset/training/Mono_nocturno/imagen_025.jpg,mono nocturno,0
C:/Users/Natalia/Desktop/PADIA/endansys/dataset/training/Mono_nocturno/imagen_026.jpg,mono nocturno,0
C:/Users/Natalia/Desktop/PADIA/endansys/dataset/training/Mono_nocturno/imagen_027.jpg,mono nocturno,0
C:/Users/Natalia/Desktop/PADIA/endansys/dataset/training/Mono_nocturno/imagen_028.jpg,mono nocturno,0
C:/Users/Natalia/Desktop/PADIA/endansys/dataset/training/Mono_nocturno/imagen_029.jpg,mono nocturno,0
C:/Users/Natalia/Desktop/PADIA/endansys/dataset/training/Musarana_de_cola_corta_colombiana/1.jpg,musarana de cola corta colombiana,0
C:/Users/Natalia/Desktop/PADIA/endansys/dataset/training/Musarana_de_cola_corta_colombiana/10.jpg,musarana de cola corta colombiana,0
C:/Users/Natalia/Desktop/PADIA/endansys/dataset/training/Musarana_de_cola_corta_colombiana/15.jpg,musarana de cola corta colombiana,0
C:/Users/Natalia/Desktop/PADIA/endansys/dataset/training/Musarana_de_cola_corta_colombiana/16.jpg,musarana de cola corta colombiana,0
C:/Users/Natalia/Desktop/PADIA/endansys/dataset/training/Musarana_de_cola_corta_colombiana/17.jpg,musarana de cola corta colombiana,0
C:/Users/Natalia/Desktop/PADIA/endansys/dataset/training/Musarana_de_cola_corta_colombiana/18.jpg,musarana de cola corta colombiana,0
C:/Users/Natalia/Desktop/PADIA/endansys/dataset/training/Musarana_de_cola_corta_colombiana/19.jpg,musarana de cola corta colombiana,0
C:/Users/Natalia/Desktop/PADIA/endansys/dataset/training/Musarana_de_cola_corta_colombiana/2.jpg,musarana de cola corta colombiana,0
C:/Users/Natalia/Desktop/PADIA/endansys/dataset/training/Musarana_de_cola_corta_colombiana/21.jpg,musarana de cola corta colombiana,0
C:/Users/Natalia/Desktop/PADIA/endansys/dataset/training/Musarana_de_cola_corta_colombiana/22.jpg,musarana de cola corta colombiana,0
C:/Users/Natalia/Desktop/PADIA/endansys/dataset/training/Musarana_de_cola_corta_colombiana/23.jpg,musarana de cola corta colombiana,0
C:/Users/Natalia/Desktop/PADIA/endansys/dataset/training/Musarana_de_cola_corta_colombiana/24.jpg,musarana de cola corta colombiana,0
C:/Users/Natalia/Desktop/PADIA/endansys/dataset/training/Musarana_de_cola_corta_colombiana/26.jpg,musarana de cola corta colombiana,0
C:/Users/Natalia/Desktop/PADIA/endansys/dataset/training/Musarana_de_cola_corta_colombiana/27.jpg,musarana de cola corta colombiana,0
C:/Users/Natalia/Desktop/PADIA/endansys/dataset/training/Musarana_de_cola_corta_colombiana/28.jpg,musarana de cola corta colombiana,0
C:/Users/Natalia/Desktop/PADIA/endansys/dataset/training/Musarana_de_cola_corta_colombiana/31.jpg,musarana de cola corta colombiana,0
C:/Users/Natalia/Desktop/PADIA/endansys/dataset/training/Musarana_de_cola_corta_colombiana/33.jpg,musarana de cola corta colombiana,0
C:/Users/Natalia/Desktop/PADIA/endansys/dataset/training/Musarana_de_cola_corta_colombiana/35.jpg,musarana de cola corta colombiana,0
C:/Users/Natalia/Desktop/PADIA/endansys/dataset/training/Musarana_de_cola_corta_colombiana/36.jpg,musarana de cola corta colombiana,0
C:/Users/Natalia/Desktop/PADIA/endansys/dataset/training/Musarana_de_cola_corta_colombiana/37.jpg,musarana de cola corta colombiana,0
C:/Users/Natalia/Desktop/PADIA/endansys/dataset/training/Musarana_de_cola_corta_colombiana/38.jpg,musarana de cola corta colombiana,0
C:/Users/Natalia/Desktop/PADIA/endansys/dataset/training/Musarana_de_cola_corta_colombiana/39.jpg,musarana de cola corta colombiana,0
C:/Users/Natalia/Desktop/PADIA/endansys/dataset/training/Musarana_de_cola_corta_colombiana/43.jpg,musarana de cola corta colombiana,0
C:/Users/Natalia/Desktop/PADIA/endansys/dataset/training/Musarana_de_cola_corta_colombiana/45.jpg,musarana de cola corta colombiana,0
C:/Users/Natalia/Desktop/PADIA/endansys/dataset/training/Musarana_de_cola_corta_colombiana/47.jpg,musarana de cola corta colombiana,0
C:/Users/Natalia/Desktop/PADIA/endansys/dataset/training/Musarana_de_cola_corta_colombiana/48.jpg,musarana de cola corta colombiana,0
C:/Users/Natalia/Desktop/PADIA/endansys/dataset/training/Musarana_de_cola_corta_colombiana/5.jpg,musarana de cola corta colombiana,0
C:/Users/Natalia/Desktop/PADIA/endansys/dataset/training/Musarana_de_cola_corta_colombiana/7.jpg,musarana de cola corta colombiana,0
C:/Users/Natalia/Desktop/PADIA/endansys/dataset/training/Musarana_de_cola_corta_colombiana/imagen_001.jpg,musarana de cola corta colombiana,0
C:/Users/Natalia/Desktop/PADIA/endansys/dataset/training/Musarana_de_cola_corta_colombiana/imagen_002.jpg,musarana de cola corta colombiana,0
C:/Users/Natalia/Desktop/PADIA/endansys/dataset/training/Musarana_de_cola_corta_colombiana/imagen_003.jpg,musarana de cola corta colombiana,0
C:/Users/Natalia/Desktop/PADIA/endansys/dataset/training/Musarana_de_cola_corta_colombiana/imagen_004.jpg,musarana de cola corta colombiana,0
C:/Users/Natalia/Desktop/PADIA/endansys/dataset/training/Musarana_de_cola_corta_colombiana/imagen_005.jpg,musarana de cola corta colombiana,0
C:/Users/Natalia/Desktop/PADIA/endansys/dataset/training/Musarana_de_cola_corta_colombiana/imagen_006.jpg,musarana de cola corta colombiana,0
C:/Users/Natalia/Desktop/PADIA/endansys/dataset/training/Musarana_de_cola_corta_colombiana/imagen_007.jpg,musarana de cola corta colombiana,0
C:/Users/Natalia/Desktop/PADIA/endansys/dataset/training/Musarana_de_cola_corta_colombiana/imagen_008.jpg,musarana de cola corta colombiana,0
C:/Users/Natalia/Desktop/PADIA/endansys/dataset/training/Musarana_de_cola_corta_colombiana/imagen_009.jpg,musarana de cola corta colombiana,0
C:/Users/Natalia/Desktop/PADIA/endansys/dataset/training/Musarana_de_cola_corta_colombiana/imagen_010.jpg,musarana de cola corta colombiana,0
C:/Users/Natalia/Desktop/PADIA/endansys/dataset/training/Musarana_de_cola_corta_colombiana/imagen_011.jpg,musarana de cola corta colombiana,0
C:/Users/Natalia/Desktop/PADIA/endansys/dataset/training/Musarana_de_cola_corta_colombiana/imagen_012.jpg,musarana de cola corta colombiana,0
C:/Users/Natalia/Desktop/PADIA/endansys/dataset/training/Musarana_de_cola_corta_colombiana/imagen_013.jpg,musarana de cola corta colombiana,0
C:/Users/Natalia/Desktop/PADIA/endansys/dataset/training/Musarana_de_cola_corta_colombiana/imagen_014.jpg,musarana de cola corta colombiana,0
C:/Users/Natalia/Desktop/PADIA/endansys/dataset/training/Musarana_de_cola_corta_colombiana/imagen_015.jpg,musarana de cola corta colombiana,0
C:/Users/Natalia/Desktop/PADIA/endansys/dataset/training/Musarana_de_cola_corta_colombiana/imagen_016.jpg,musarana de cola corta colombiana,0
C:/Users/Natalia/Desktop/PADIA/endansys/dataset/training/Musarana_de_cola_corta_colombiana/imagen_017.jpg,musarana de cola corta colombiana,0
C:/Users/Natalia/Desktop/PADIA/endansys/dataset/training/Musarana_de_cola_corta_colombiana/imagen_018.jpg,musarana de cola corta colombiana,0
C:/Users/Natalia/Desktop/PADIA/endansys/dataset/training/Musarana_de_cola_corta_colombiana/imagen_019.jpg,musarana de cola corta colombiana,0
C:/Users/Natalia/Desktop/PADIA/endansys/dataset/training/Musarana_de_cola_corta_colombiana/imagen_020.jpg,musarana de cola corta colombiana,0
C:/Users/Natalia/Desktop/PADIA/endansys/dataset/training/Musarana_de_cola_corta_colombiana/imagen_021.jpg,musarana de cola corta colombiana,0
C:/Users/Natalia/Desktop/PADIA/endansys/dataset/training/Musarana_de_cola_corta_colombiana/imagen_022.jpg,musarana de cola corta colombiana,0
C:/Users/Natalia/Desktop/PADIA/endansys/dataset/training/Musarana_de_cola_corta_colombiana/imagen_023.jpg,musarana de cola corta colombiana,0
C:/Users/Natalia/Desktop/PADIA/endansys/dataset/training/Musarana_de_cola_corta_colombiana/imagen_024.jpg,musarana de cola corta colombiana,0
C:/Users/Natalia/Desktop/PADIA/endansys/dataset/training/Musarana_de_cola_corta_colombiana/imagen_025.jpg,musarana de cola corta colombiana,0
C:/Users/Natalia/Desktop/PADIA/endansys/dataset/training/Musarana_de_cola_corta_colombiana/imagen_026.jpg,musarana de cola corta colombiana,0
C:/Users/Natalia/Desktop/PADIA/endansys/dataset/training/Neque/1.jpg,neque,0
C:/Users/Natalia/Desktop/PADIA/endansys/dataset/training/Neque/10.jpg,neque,0
C:/Users/Natalia/Desktop/PADIA/endansys/dataset/training/Neque/11.jpg,neque,0
C:/Users/Natalia/Desktop/PADIA/endansys/dataset/training/Neque/12.jpg,neque,0
C:/Users/Natalia/Desktop/PADIA/endansys/dataset/training/Neque/16.jpg,neque,0
C:/Users/Natalia/Desktop/PADIA/endansys/dataset/training/Neque/2.jpg,neque,0
C:/Users/Natalia/Desktop/PADIA/endansys/dataset/training/Neque/20.jpg,neque,0
C:/Users/Natalia/Desktop/PADIA/endansys/dataset/training/Neque/21.jpg,neque,0
C:/Users/Natalia/Desktop/PADIA/endansys/dataset/training/Neque/23.jpg,neque,0
C:/Users/Natalia/Desktop/PADIA/endansys/dataset/training/Neque/24.jpg,neque,0
C:/Users/Natalia/Desktop/PADIA/endansys/dataset/training/Neque/3.jpg,neque,0
C:/Users/Natalia/Desktop/PADIA/endansys/dataset/training/Neque/31.jpg,neque,0
C:/Users/Natalia/Desktop/PADIA/endansys/dataset/training/Neque/34.jpg,neque,0
C:/Users/Natalia/Desktop/PADIA/endansys/dataset/training/Neque/39.jpg,neque,0
C:/Users/Natalia/Desktop/PADIA/endansys/dataset/training/Neque/7.jpg,neque,0
C:/Users/Natalia/Desktop/PADIA/endansys/dataset/training/Neque/8.jpg,neque,0
C:/Users/Natalia/Desktop/PADIA/endansys/dataset/training/Neque/9.jpg,neque,0
C:/Users/Natalia/Desktop/PADIA/endansys/dataset/training/Neque/imagen_001.jpg,neque,0
C:/Users/Natalia/Desktop/PADIA/endansys/dataset/training/Neque/imagen_002.jpg,neque,0
C:/Users/Natalia/Desktop/PADIA/endansys/dataset/training/Neque/imagen_003.jpg,neque,0
C:/Users/Natalia/Desktop/PADIA/endansys/dataset/training/Neque/imagen_004.jpg,neque,0
C:/Users/Natalia/Desktop/PADIA/endansys/dataset/training/Neque/imagen_005.jpg,neque,0
C:/Users/Natalia/Desktop/PADIA/endansys/dataset/training/Neque/imagen_006.jpg,neque,0
C:/Users/Natalia/Desktop/PADIA/endansys/dataset/training/Neque/imagen_007.jpg,neque,0
C:/Users/Natalia/Desktop/PADIA/endansys/dataset/training/Neque/imagen_008.jpg,neque,0
C:/Users/Natalia/Desktop/PADIA/endansys/dataset/training/Neque/imagen_010.jpg,neque,0
C:/Users/Natalia/Desktop/PADIA/endansys/dataset/training/Neque/imagen_011.jpg,neque,0
C:/Users/Natalia/Desktop/PADIA/endansys/dataset/training/Neque/imagen_012.jpg,neque,0
C:/Users/Natalia/Desktop/PADIA/endansys/dataset/training/Neque/imagen_013.jpg,neque,0
C:/Users/Natalia/Desktop/PADIA/endansys/dataset/training/Neque/imagen_014.jpg,neque,0
C:/Users/Natalia/Desktop/PADIA/endansys/dataset/training/Neque/imagen_015.jpg,neque,0
C:/Users/Natalia/Desktop/PADIA/endansys/dataset/training/Neque/imagen_016.jpg,neque,0
C:/Users/Natalia/Desktop/PADIA/endansys/dataset/training/Neque/imagen_017.jpg,neque,0
C:/Users/Natalia/Desktop/PADIA/endansys/dataset/training/Neque/imagen_019.jpg,neque,0
C:/Users/Natalia/Desktop/PADIA/endansys/dataset/training/Neque/imagen_021.jpg,neque,0
C:/Users/Natalia/Desktop/PADIA/endansys/dataset/training/Neque/imagen_023.jpg,neque,0
C:/Users/Natalia/Desktop/PADIA/endansys/dataset/training/Neque/imagen_024.jpg,neque,0
C:/Users/Natalia/Desktop/PADIA/endansys/dataset/training/Neque/imagen_025.jpg,neque,0
C:/Users/Natalia/Desktop/PADIA/endansys/dataset/training/Neque/imagen_026.jpg,neque,0
C:/Users/Natalia/Desktop/PADIA/endansys/dataset/training/Neque/imagen_027.jpg,neque,0
C:/Users/Natalia/Desktop/PADIA/endansys/dataset/training/Neque/imagen_029.jpg,neque,0
C:/Users/Natalia/Desktop/PADIA/endansys/dataset/training/Neque/imagen_030.jpg,neque,0
C:/Users/Natalia/Desktop/PADIA/endansys/dataset/training/Nutria_gigante_peligro/10.jpg,nutria gigante,1
C:/Users/Natalia/Desktop/PADIA/endansys/dataset/training/Nutria_gigante_peligro/13.jpg,nutria gigante,1
C:/Users/Natalia/Desktop/PADIA/endansys/dataset/training/Nutria_gigante_peligro/15.jpg,nutria gigante,1
C:/Users/Natalia/Desktop/PADIA/endansys/dataset/training/Nutria_gigante_peligro/16.jpg,nutria gigante,1
C:/Users/Natalia/Desktop/PADIA/endansys/dataset/training/Nutria_gigante_peligro/2.jpg,nutria gigante,1
C:/Users/Natalia/Desktop/PADIA/endansys/dataset/training/Nutria_gigante_peligro/20.jpg,nutria gigante,1
C:/Users/Natalia/Desktop/PADIA/endansys/dataset/training/Nutria_gigante_peligro/22.jpg,nutria gigante,1
C:/Users/Natalia/Desktop/PADIA/endansys/dataset/training/Nutria_gigante_peligro/23.jpg,nutria gigante,1
C:/Users/Natalia/Desktop/PADIA/endansys/dataset/training/Nutria_gigante_peligro/24.jpg,nutria gigante,1
C:/Users/Natalia/Desktop/PADIA/endansys/dataset/training/Nutria_gigante_peligro/25.jpg,nutria gigante,1
C:/Users/Natalia/Desktop/PADIA/endansys/dataset/training/Nutria_gigante_peligro/29.jpg,nutria gigante,1
C:/Users/Natalia/Desktop/PADIA/endansys/dataset/training/Nutria_gigante_peligro/3.jpg,nutria gigante,1
C:/Users/Natalia/Desktop/PADIA/endansys/dataset/training/Nutria_gigante_peligro/30.jpg,nutria gigante,1
C:/Users/Natalia/Desktop/PADIA/endansys/dataset/training/Nutria_gigante_peligro/32.jpg,nutria gigante,1
C:/Users/Natalia/Desktop/PADIA/endansys/dataset/training/Nutria_gigante_peligro/33.jpg,nutria gigante,1
C:/Users/Natalia/Desktop/PADIA/endansys/dataset/training/Nutria_gigante_peligro/35.jpg,nutria gigante,1
C:/Users/Natalia/Desktop/PADIA/endansys/dataset/training/Nutria_gigante_peligro/36.jpg,nutria gigante,1
C:/Users/Natalia/Desktop/PADIA/endansys/dataset/training/Nutria_gigante_peligro/37.jpg,nutria gigante,1
C:/Users/Natalia/Desktop/PADIA/endansys/dataset/training/Nutria_gigante_peligro/38.jpg,nutria gigante,1
C:/Users/Natalia/Desktop/PADIA/endansys/dataset/training/Nutria_gigante_peligro/39.jpg,nutria gigante,1
C:/Users/Natalia/Desktop/PADIA/endansys/dataset/training/Nutria_gigante_peligro/4.jpg,nutria gigante,1
C:/Users/Natalia/Desktop/PADIA/endansys/dataset/training/Nutria_gigante_peligro/40.jpg,nutria gigante,1
C:/Users/Natalia/Desktop/PADIA/endansys/dataset/training/Nutria_gigante_peligro/43.jpg,nutria gigante,1
C:/Users/Natalia/Desktop/PADIA/endansys/dataset/training/Nutria_gigante_peligro/46.jpg,nutria gigante,1
C:/Users/Natalia/Desktop/PADIA/endansys/dataset/training/Nutria_gigante_peligro/5.jpg,nutria gigante,1
C:/Users/Natalia/Desktop/PADIA/endansys/dataset/training/Nutria_gigante_peligro/8.jpg,nutria gigante,1
C:/Users/Natalia/Desktop/PADIA/endansys/dataset/training/Nutria_gigante_peligro/9.jpg,nutria gigante,1
C:/Users/Natalia/Desktop/PADIA/endansys/dataset/training/Nutria_gigante_peligro/imagen_002.jpg,nutria gigante,1
C:/Users/Natalia/Desktop/PADIA/endansys/dataset/training/Nutria_gigante_peligro/imagen_003.jpg,nutria gigante,1
C:/Users/Natalia/Desktop/PADIA/endansys/dataset/training/Nutria_gigante_peligro/imagen_004.jpg,nutria gigante,1
C:/Users/Natalia/Desktop/PADIA/endansys/dataset/training/Nutria_gigante_peligro/imagen_005.jpg,nutria gigante,1
C:/Users/Natalia/Desktop/PADIA/endansys/dataset/training/Nutria_gigante_peligro/imagen_006.jpg,nutria gigante,1
C:/Users/Natalia/Desktop/PADIA/endansys/dataset/training/Nutria_gigante_peligro/imagen_007.jpg,nutria gigante,1
C:/Users/Natalia/Desktop/PADIA/endansys/dataset/training/Nutria_gigante_peligro/imagen_008.jpg,nutria gigante,1
C:/Users/Natalia/Desktop/PADIA/endansys/dataset/training/Nutria_gigante_peligro/imagen_009.jpg,nutria gigante,1
C:/Users/Natalia/Desktop/PADIA/endansys/dataset/training/Nutria_gigante_peligro/imagen_010.jpg,nutria gigante,1
C:/Users/Natalia/Desktop/PADIA/endansys/dataset/training/Nutria_gigante_peligro/imagen_011.jpg,nutria gigante,1
C:/Users/Natalia/Desktop/PADIA/endansys/dataset/training/Nutria_gigante_peligro/imagen_012.jpg,nutria gigante,1
C:/Users/Natalia/Desktop/PADIA/endansys/dataset/training/Nutria_gigante_peligro/imagen_013.jpg,nutria gigante,1
C:/Users/Natalia/Desktop/PADIA/endansys/dataset/training/Nutria_gigante_peligro/imagen_014.jpg,nutria gigante,1
C:/Users/Natalia/Desktop/PADIA/endansys/dataset/training/Nutria_gigante_peligro/imagen_015.jpg,nutria gigante,1
C:/Users/Natalia/Desktop/PADIA/endansys/dataset/training/Nutria_gigante_peligro/imagen_016.jpg,nutria gigante,1
C:/Users/Natalia/Desktop/PADIA/endansys/dataset/training/Nutria_gigante_peligro/imagen_017.jpg,nutria gigante,1
C:/Users/Natalia/Desktop/PADIA/endansys/dataset/training/Nutria_gigante_peligro/imagen_018.jpg,nutria gigante,1
C:/Users/Natalia/Desktop/PADIA/endansys/dataset/training/Nutria_gigante_peligro/imagen_019.jpg,nutria gigante,1
C:/Users/Natalia/Desktop/PADIA/endansys/dataset/training/Nutria_gigante_peligro/imagen_020.jpg,nutria gigante,1
C:/Users/Natalia/Desktop/PADIA/endansys/dataset/training/Nutria_gigante_peligro/imagen_021.jpg,nutria gigante,1
C:/Users/Natalia/Desktop/PADIA/endansys/dataset/training/Nutria_gigante_peligro/imagen_022.jpg,nutria gigante,1
C:/Users/Natalia/Desktop/PADIA/endansys/dataset/training/Nutria_gigante_peligro/imagen_023.jpg,nutria gigante,1
C:/Users/Natalia/Desktop/PADIA/endansys/dataset/training/Nutria_gigante_peligro/imagen_024.jpg,nutria gigante,1
C:/Users/Natalia/Desktop/PADIA/endansys/dataset/training/Nutria_gigante_peligro/imagen_025.jpg,nutria gigante,1
C:/Users/Natalia/Desktop/PADIA/endansys/dataset/training/Nutria_gigante_peligro/imagen_026.jpg,nutria gigante,1
C:/Users/Natalia/Desktop/PADIA/endansys/dataset/training/Nutria_gigante_peligro/imagen_027.jpg,nutria gigante,1
C:/Users/Natalia/Desktop/PADIA/endansys/dataset/training/Nutria_gigante_peligro/imagen_028.jpg,nutria gigante,1
C:/Users/Natalia/Desktop/PADIA/endansys/dataset/training/Nutria_gigante_peligro/imagen_029.jpg,nutria gigante,1
C:/Users/Natalia/Desktop/PADIA/endansys/dataset/training/Oso_andino/1.jpg,oso andino,0
C:/Users/Natalia/Desktop/PADIA/endansys/dataset/training/Oso_andino/10.jpg,oso andino,0
C:/Users/Natalia/Desktop/PADIA/endansys/dataset/training/Oso_andino/11.jpg,oso andino,0
C:/Users/Natalia/Desktop/PADIA/endansys/dataset/training/Oso_andino/12.jpg,oso andino,0
C:/Users/Natalia/Desktop/PADIA/endansys/dataset/training/Oso_andino/14.jpg,oso andino,0
C:/Users/Natalia/Desktop/PADIA/endansys/dataset/training/Oso_andino/16.jpg,oso andino,0
C:/Users/Natalia/Desktop/PADIA/endansys/dataset/training/Oso_andino/19.jpg,oso andino,0
C:/Users/Natalia/Desktop/PADIA/endansys/dataset/training/Oso_andino/22.jpg,oso andino,0
C:/Users/Natalia/Desktop/PADIA/endansys/dataset/training/Oso_andino/23.jpg,oso andino,0
C:/Users/Natalia/Desktop/PADIA/endansys/dataset/training/Oso_andino/24.jpg,oso andino,0
C:/Users/Natalia/Desktop/PADIA/endansys/dataset/training/Oso_andino/26.jpg,oso andino,0
C:/Users/Natalia/Desktop/PADIA/endansys/dataset/training/Oso_andino/3.jpg,oso andino,0
C:/Users/Natalia/Desktop/PADIA/endansys/dataset/training/Oso_andino/30.jpg,oso andino,0
C:/Users/Natalia/Desktop/PADIA/endansys/dataset/training/Oso_andino/32.jpg,oso andino,0
C:/Users/Natalia/Desktop/PADIA/endansys/dataset/training/Oso_andino/33.jpg,oso andino,0
C:/Users/Natalia/Desktop/PADIA/endansys/dataset/training/Oso_andino/35.jpg,oso andino,0
C:/Users/Natalia/Desktop/PADIA/endansys/dataset/training/Oso_andino/36.jpg,oso andino,0
C:/Users/Natalia/Desktop/PADIA/endansys/dataset/training/Oso_andino/37.jpg,oso andino,0
C:/Users/Natalia/Desktop/PADIA/endansys/dataset/training/Oso_andino/38.jpg,oso andino,0
C:/Users/Natalia/Desktop/PADIA/endansys/dataset/training/Oso_andino/39.jpg,oso andino,0
C:/Users/Natalia/Desktop/PADIA/endansys/dataset/training/Oso_andino/40.jpg,oso andino,0
C:/Users/Natalia/Desktop/PADIA/endansys/dataset/training/Oso_andino/41.jpg,oso andino,0
C:/Users/Natalia/Desktop/PADIA/endansys/dataset/training/Oso_andino/44.jpg,oso andino,0
C:/Users/Natalia/Desktop/PADIA/endansys/dataset/training/Oso_andino/45.jpg,oso andino,0
C:/Users/Natalia/Desktop/PADIA/endansys/dataset/training/Oso_andino/5.jpg,oso andino,0
C:/Users/Natalia/Desktop/PADIA/endansys/dataset/training/Oso_andino/6.jpg,oso andino,0
C:/Users/Natalia/Desktop/PADIA/endansys/dataset/training/Oso_andino/7.jpg,oso andino,0
C:/Users/Natalia/Desktop/PADIA/endansys/dataset/training/Oso_andino/8.jpg,oso andino,0
C:/Users/Natalia/Desktop/PADIA/endansys/dataset/training/Oso_andino/9.jpg,oso andino,0
C:/Users/Natalia/Desktop/PADIA/endansys/dataset/training/Oso_andino/imagen_001.jpg,oso andino,0
C:/Users/Natalia/Desktop/PADIA/endansys/dataset/training/Oso_andino/imagen_002.jpg,oso andino,0
C:/Users/Natalia/Desktop/PADIA/endansys/dataset/training/Oso_andino/imagen_003.jpg,oso andino,0
C:/Users/Natalia/Desktop/PADIA/endansys/dataset/training/Oso_andino/imagen_004.jpg,oso andino,0
C:/Users/Natalia/Desktop/PADIA/endansys/dataset/training/Oso_andino/imagen_005.jpg,oso andino,0
C:/Users/Natalia/Desktop/PADIA/endansys/dataset/training/Oso_andino/imagen_006.jpg,oso andino,0
C:/Users/Natalia/Desktop/PADIA/endansys/dataset/training/Oso_andino/imagen_007.jpg,oso andino,0
C:/Users/Natalia/Desktop/PADIA/endansys/dataset/training/Oso_andino/imagen_008.jpg,oso andino,0
C:/Users/Natalia/Desktop/PADIA/endansys/dataset/training/Oso_andino/imagen_009.jpg,oso andino,0
C:/Users/Natalia/Desktop/PADIA/endansys/dataset/training/Oso_andino/imagen_010.jpg,oso andino,0
C:/Users/Natalia/Desktop/PADIA/endansys/dataset/training/Oso_andino/imagen_011.jpg,oso andino,0
C:/Users/Natalia/Desktop/PADIA/endansys/dataset/training/Oso_andino/imagen_012.jpg,oso andino,0
C:/Users/Natalia/Desktop/PADIA/endansys/dataset/training/Oso_andino/imagen_013.jpg,oso andino,0
C:/Users/Natalia/Desktop/PADIA/endansys/dataset/training/Oso_andino/imagen_014.jpg,oso andino,0
C:/Users/Natalia/Desktop/PADIA/endansys/dataset/training/Oso_andino/imagen_015.jpg,oso andino,0
C:/Users/Natalia/Desktop/PADIA/endansys/dataset/training/Oso_andino/imagen_016.jpg,oso andino,0
C:/Users/Natalia/Desktop/PADIA/endansys/dataset/training/Oso_andino/imagen_017.jpg,oso andino,0
C:/Users/Natalia/Desktop/PADIA/endansys/dataset/training/Oso_andino/imagen_018.jpg,oso andino,0
C:/Users/Natalia/Desktop/PADIA/endansys/dataset/training/Oso_andino/imagen_019.jpg,oso andino,0
C:/Users/Natalia/Desktop/PADIA/endansys/dataset/training/Oso_andino/imagen_020.jpg,oso andino,0
C:/Users/Natalia/Desktop/PADIA/endansys/dataset/training/Oso_andino/imagen_021.jpg,oso andino,0
C:/Users/Natalia/Desktop/PADIA/endansys/dataset/training/Oso_andino/imagen_022.jpg,oso andino,0
C:/Users/Natalia/Desktop/PADIA/endansys/dataset/training/Oso_andino/imagen_023.jpg,oso andino,0
C:/Users/Natalia/Desktop/PADIA/endansys/dataset/training/Oso_andino/imagen_024.jpg,oso andino,0
C:/Users/Natalia/Desktop/PADIA/endansys/dataset/training/Oso_andino/imagen_025.jpg,oso andino,0
C:/Users/Natalia/Desktop/PADIA/endansys/dataset/training/Oso_andino/imagen_026.jpg,oso andino,0
C:/Users/Natalia/Desktop/PADIA/endansys/dataset/training/Oso_andino/imagen_027.jpg,oso andino,0
C:/Users/Natalia/Desktop/PADIA/endansys/dataset/training/Oso_andino/imagen_028.jpg,oso andino,0
C:/Users/Natalia/Desktop/PADIA/endansys/dataset/training/Oso_andino/imagen_029.jpg,oso andino,0
C:/Users/Natalia/Desktop/PADIA/endansys/dataset/training/Oso_de_anteojos_peligro/1.jpg,oso de anteojos,1
C:/Users/Natalia/Desktop/PADIA/endansys/dataset/training/Oso_de_anteojos_peligro/10.jpg,oso de anteojos,1
C:/Users/Natalia/Desktop/PADIA/endansys/dataset/training/Oso_de_anteojos_peligro/11.jpg,oso de anteojos,1
C:/Users/Natalia/Desktop/PADIA/endansys/dataset/training/Oso_de_anteojos_peligro/14.jpg,oso de anteojos,1
C:/Users/Natalia/Desktop/PADIA/endansys/dataset/training/Oso_de_anteojos_peligro/15.jpg,oso de anteojos,1
C:/Users/Natalia/Desktop/PADIA/endansys/dataset/training/Oso_de_anteojos_peligro/16.jpg,oso de anteojos,1
C:/Users/Natalia/Desktop/PADIA/endansys/dataset/training/Oso_de_anteojos_peligro/18.jpg,oso de anteojos,1
C:/Users/Natalia/Desktop/PADIA/endansys/dataset/training/Oso_de_anteojos_peligro/2.jpg,oso de anteojos,1
C:/Users/Natalia/Desktop/PADIA/endansys/dataset/training/Oso_de_anteojos_peligro/20.jpg,oso de anteojos,1
C:/Users/Natalia/Desktop/PADIA/endansys/dataset/training/Oso_de_anteojos_peligro/21.jpg,oso de anteojos,1
C:/Users/Natalia/Desktop/PADIA/endansys/dataset/training/Oso_de_anteojos_peligro/22.jpg,oso de anteojos,1
C:/Users/Natalia/Desktop/PADIA/endansys/dataset/training/Oso_de_anteojos_peligro/23.jpg,oso de anteojos,1
C:/Users/Natalia/Desktop/PADIA/endansys/dataset/training/Oso_de_anteojos_peligro/24.jpg,oso de anteojos,1
C:/Users/Natalia/Desktop/PADIA/endansys/dataset/training/Oso_de_anteojos_peligro/26.jpg,oso de anteojos,1
C:/Users/Natalia/Desktop/PADIA/endansys/dataset/training/Oso_de_anteojos_peligro/27.jpg,oso de anteojos,1
C:/Users/Natalia/Desktop/PADIA/endansys/dataset/training/Oso_de_anteojos_peligro/28.jpg,oso de anteojos,1
C:/Users/Natalia/Desktop/PADIA/endansys/dataset/training/Oso_de_anteojos_peligro/29.jpg,oso de anteojos,1
C:/Users/Natalia/Desktop/PADIA/endansys/dataset/training/Oso_de_anteojos_peligro/3.jpg,oso de anteojos,1
C:/Users/Natalia/Desktop/PADIA/endansys/dataset/training/Oso_de_anteojos_peligro/30.jpg,oso de anteojos,1
C:/Users/Natalia/Desktop/PADIA/endansys/dataset/training/Oso_de_anteojos_peligro/31.jpg,oso de anteojos,1
C:/Users/Natalia/Desktop/PADIA/endansys/dataset/training/Oso_de_anteojos_peligro/32.jpg,oso de anteojos,1
C:/Users/Natalia/Desktop/PADIA/endansys/dataset/training/Oso_de_anteojos_peligro/33.jpg,oso de anteojos,1
C:/Users/Natalia/Desktop/PADIA/endansys/dataset/training/Oso_de_anteojos_peligro/34.jpg,oso de anteojos,1
C:/Users/Natalia/Desktop/PADIA/endansys/dataset/training/Oso_de_anteojos_peligro/36.jpg,oso de anteojos,1
C:/Users/Natalia/Desktop/PADIA/endansys/dataset/training/Oso_de_anteojos_peligro/4.jpg,oso de anteojos,1
C:/Users/Natalia/Desktop/PADIA/endansys/dataset/training/Oso_de_anteojos_peligro/41.jpg,oso de anteojos,1
C:/Users/Natalia/Desktop/PADIA/endansys/dataset/training/Oso_de_anteojos_peligro/42.jpg,oso de anteojos,1
C:/Users/Natalia/Desktop/PADIA/endansys/dataset/training/Oso_de_anteojos_peligro/43.jpg,oso de anteojos,1
C:/Users/Natalia/Desktop/PADIA/endansys/dataset/training/Oso_de_anteojos_peligro/49.jpg,oso de anteojos,1
C:/Users/Natalia/Desktop/PADIA/endansys/dataset/training/Oso_de_anteojos_peligro/8.jpg,oso de anteojos,1
C:/Users/Natalia/Desktop/PADIA/endansys/dataset/training/Oso_de_anteojos_peligro/imagen_001.jpg,oso de anteojos,1
C:/Users/Natalia/Desktop/PADIA/endansys/dataset/training/Oso_de_anteojos_peligro/imagen_002.jpg,oso de anteojos,1
C:/Users/Natalia/Desktop/PADIA/endansys/dataset/training/Oso_de_anteojos_peligro/imagen_003.jpg,oso de anteojos,1
C:/Users/Natalia/Desktop/PADIA/endansys/dataset/training/Oso_de_anteojos_peligro/imagen_004.jpg,oso de anteojos,1
C:/Users/Natalia/Desktop/PADIA/endansys/dataset/training/Oso_de_anteojos_peligro/imagen_005.jpg,oso de anteojos,1
C:/Users/Natalia/Desktop/PADIA/endansys/dataset/training/Oso_de_anteojos_peligro/imagen_006.jpg,oso de anteojos,1
C:/Users/Natalia/Desktop/PADIA/endansys/dataset/training/Oso_de_anteojos_peligro/imagen_007.jpg,oso de anteojos,1
C:/Users/Natalia/Desktop/PADIA/endansys/dataset/training/Oso_de_anteojos_peligro/imagen_008.jpg,oso de anteojos,1
C:/Users/Natalia/Desktop/PADIA/endansys/dataset/training/Oso_de_anteojos_peligro/imagen_009.jpg,oso de anteojos,1
C:/Users/Natalia/Desktop/PADIA/endansys/dataset/training/Oso_de_anteojos_peligro/imagen_010.jpg,oso de anteojos,1
C:/Users/Natalia/Desktop/PADIA/endansys/dataset/training/Oso_de_anteojos_peligro/imagen_011.jpg,oso de anteojos,1
C:/Users/Natalia/Desktop/PADIA/endansys/dataset/training/Oso_de_anteojos_peligro/imagen_012.jpg,oso de anteojos,1
C:/Users/Natalia/Desktop/PADIA/endansys/dataset/training/Oso_de_anteojos_peligro/imagen_013.jpg,oso de anteojos,1
C:/Users/Natalia/Desktop/PADIA/endansys/dataset/training/Oso_de_anteojos_peligro/imagen_014.jpg,oso de anteojos,1
C:/Users/Natalia/Desktop/PADIA/endansys/dataset/training/Oso_de_anteojos_peligro/imagen_015.jpg,oso de anteojos,1
C:/Users/Natalia/Desktop/PADIA/endansys/dataset/training/Oso_de_anteojos_peligro/imagen_016.jpg,oso de anteojos,1
C:/Users/Natalia/Desktop/PADIA/endansys/dataset/training/Oso_de_anteojos_peligro/imagen_017.jpg,oso de anteojos,1
C:/Users/Natalia/Desktop/PADIA/endansys/dataset/training/Oso_de_anteojos_peligro/imagen_018.jpg,oso de anteojos,1
C:/Users/Natalia/Desktop/PADIA/endansys/dataset/training/Oso_de_anteojos_peligro/imagen_019.jpg,oso de anteojos,1
C:/Users/Natalia/Desktop/PADIA/endansys/dataset/training/Oso_de_anteojos_peligro/imagen_020.jpg,oso de anteojos,1
C:/Users/Natalia/Desktop/PADIA/endansys/dataset/training/Oso_de_anteojos_peligro/imagen_021.jpg,oso de anteojos,1
C:/Users/Natalia/Desktop/PADIA/endansys/dataset/training/Oso_de_anteojos_peligro/imagen_022.jpg,oso de anteojos,1
C:/Users/Natalia/Desktop/PADIA/endansys/dataset/training/Oso_de_anteojos_peligro/imagen_023.jpg,oso de anteojos,1
C:/Users/Natalia/Desktop/PADIA/endansys/dataset/training/Oso_de_anteojos_peligro/imagen_024.jpg,oso de anteojos,1
C:/Users/Natalia/Desktop/PADIA/endansys/dataset/training/Oso_de_anteojos_peligro/imagen_025.jpg,oso de anteojos,1
C:/Users/Natalia/Desktop/PADIA/endansys/dataset/training/Oso_de_anteojos_peligro/imagen_026.jpg,oso de anteojos,1
C:/Users/Natalia/Desktop/PADIA/endansys/dataset/training/Oso_de_anteojos_peligro/imagen_027.jpg,oso de anteojos,1
C:/Users/Natalia/Desktop/PADIA/endansys/dataset/training/Oso_de_anteojos_peligro/imagen_028.jpg,oso de anteojos,1
C:/Users/Natalia/Desktop/PADIA/endansys/dataset/training/Oso_de_anteojos_peligro/imagen_029.jpg,oso de anteojos,1
C:/Users/Natalia/Desktop/PADIA/endansys/dataset/training/Oso_de_anteojos_peligro/imagen_030.jpg,oso de anteojos,1
C:/Users/Natalia/Desktop/PADIA/endansys/dataset/training/Oso_de_anteojos_peligro/imagen_031.jpg,oso de anteojos,1
C:/Users/Natalia/Desktop/PADIA/endansys/dataset/training/Paujil/11.jpg,paujil,0
C:/Users/Natalia/Desktop/PADIA/endansys/dataset/training/Paujil/14.jpg,paujil,0
C:/Users/Natalia/Desktop/PADIA/endansys/dataset/training/Paujil/16.jpg,paujil,0
C:/Users/Natalia/Desktop/PADIA/endansys/dataset/training/Paujil/18.jpg,paujil,0
C:/Users/Natalia/Desktop/PADIA/endansys/dataset/training/Paujil/19.jpg,paujil,0
C:/Users/Natalia/Desktop/PADIA/endansys/dataset/training/Paujil/23.jpg,paujil,0
C:/Users/Natalia/Desktop/PADIA/endansys/dataset/training/Paujil/27.jpg,paujil,0
C:/Users/Natalia/Desktop/PADIA/endansys/dataset/training/Paujil/3.jpg,paujil,0
C:/Users/Natalia/Desktop/PADIA/endansys/dataset/training/Paujil/30.jpg,paujil,0
C:/Users/Natalia/Desktop/PADIA/endansys/dataset/training/Paujil/33.jpg,paujil,0
C:/Users/Natalia/Desktop/PADIA/endansys/dataset/training/Paujil/38.jpg,paujil,0
C:/Users/Natalia/Desktop/PADIA/endansys/dataset/training/Paujil/4.jpg,paujil,0
C:/Users/Natalia/Desktop/PADIA/endansys/dataset/training/Paujil/6.jpg,paujil,0
C:/Users/Natalia/Desktop/PADIA/endansys/dataset/training/Paujil/7.jpg,paujil,0
C:/Users/Natalia/Desktop/PADIA/endansys/dataset/training/Paujil/9.jpg,paujil,0
C:/Users/Natalia/Desktop/PADIA/endansys/dataset/training/Paujil/imagen_001.jpg,paujil,0
C:/Users/Natalia/Desktop/PADIA/endansys/dataset/training/Paujil/imagen_002.jpg,paujil,0
C:/Users/Natalia/Desktop/PADIA/endansys/dataset/training/Paujil/imagen_003.jpg,paujil,0
C:/Users/Natalia/Desktop/PADIA/endansys/dataset/training/Paujil/imagen_004.jpg,paujil,0
C:/Users/Natalia/Desktop/PADIA/endansys/dataset/training/Paujil/imagen_005.jpg,paujil,0
C:/Users/Natalia/Desktop/PADIA/endansys/dataset/training/Paujil/imagen_006.jpg,paujil,0
C:/Users/Natalia/Desktop/PADIA/endansys/dataset/training/Paujil/imagen_007.jpg,paujil,0
C:/Users/Natalia/Desktop/PADIA/endansys/dataset/training/Paujil/imagen_008.jpg,paujil,0
C:/Users/Natalia/Desktop/PADIA/endansys/dataset/training/Paujil/imagen_009.jpg,paujil,0
C:/Users/Natalia/Desktop/PADIA/endansys/dataset/training/Paujil/imagen_010.jpg,paujil,0
C:/Users/Natalia/Desktop/PADIA/endansys/dataset/training/Paujil/imagen_011.jpg,paujil,0
C:/Users/Natalia/Desktop/PADIA/endansys/dataset/training/Paujil/imagen_012.jpg,paujil,0
C:/Users/Natalia/Desktop/PADIA/endansys/dataset/training/Paujil/imagen_014.jpg,paujil,0
C:/Users/Natalia/Desktop/PADIA/endansys/dataset/training/Paujil/imagen_016.jpg,paujil,0
C:/Users/Natalia/Desktop/PADIA/endansys/dataset/training/Paujil/imagen_019.jpg,paujil,0
C:/Users/Natalia/Desktop/PADIA/endansys/dataset/training/Paujil/imagen_020.jpg,paujil,0
C:/Users/Natalia/Desktop/PADIA/endansys/dataset/training/Paujil/imagen_021.jpg,paujil,0
C:/Users/Natalia/Desktop/PADIA/endansys/dataset/training/Paujil/imagen_022.jpg,paujil,0
C:/Users/Natalia/Desktop/PADIA/endansys/dataset/training/Pecari_de_collar/1.jpg,pecari de collar,0
C:/Users/Natalia/Desktop/PADIA/endansys/dataset/training/Pecari_de_collar/10.jpg,pecari de collar,0
C:/Users/Natalia/Desktop/PADIA/endansys/dataset/training/Pecari_de_collar/11.jpg,pecari de collar,0
C:/Users/Natalia/Desktop/PADIA/endansys/dataset/training/Pecari_de_collar/13.jpg,pecari de collar,0
C:/Users/Natalia/Desktop/PADIA/endansys/dataset/training/Pecari_de_collar/14.jpg,pecari de collar,0
C:/Users/Natalia/Desktop/PADIA/endansys/dataset/training/Pecari_de_collar/15.jpg,pecari de collar,0
C:/Users/Natalia/Desktop/PADIA/endansys/dataset/training/Pecari_de_collar/16.jpg,pecari de collar,0
C:/Users/Natalia/Desktop/PADIA/endansys/dataset/training/Pecari_de_collar/17.jpg,pecari de collar,0
C:/Users/Natalia/Desktop/PADIA/endansys/dataset/training/Pecari_de_collar/19.jpg,pecari de collar,0
C:/Users/Natalia/Desktop/PADIA/endansys/dataset/training/Pecari_de_collar/2.jpg,pecari de collar,0
C:/Users/Natalia/Desktop/PADIA/endansys/dataset/training/Pecari_de_collar/21.jpg,pecari de collar,0
C:/Users/Natalia/Desktop/PADIA/endansys/dataset/training/Pecari_de_collar/23.jpg,pecari de collar,0
C:/Users/Natalia/Desktop/PADIA/endansys/dataset/training/Pecari_de_collar/24.jpg,pecari de collar,0
C:/Users/Natalia/Desktop/PADIA/endansys/dataset/training/Pecari_de_collar/32.jpg,pecari de collar,0
C:/Users/Natalia/Desktop/PADIA/endansys/dataset/training/Pecari_de_collar/33.jpg,pecari de collar,0
C:/Users/Natalia/Desktop/PADIA/endansys/dataset/training/Pecari_de_collar/34.jpg,pecari de collar,0
C:/Users/Natalia/Desktop/PADIA/endansys/dataset/training/Pecari_de_collar/36.jpg,pecari de collar,0
C:/Users/Natalia/Desktop/PADIA/endansys/dataset/training/Pecari_de_collar/38.jpg,pecari de collar,0
C:/Users/Natalia/Desktop/PADIA/endansys/dataset/training/Pecari_de_collar/39.jpg,pecari de collar,0
C:/Users/Natalia/Desktop/PADIA/endansys/dataset/training/Pecari_de_collar/4.jpg,pecari de collar,0
C:/Users/Natalia/Desktop/PADIA/endansys/dataset/training/Pecari_de_collar/40.jpg,pecari de collar,0
C:/Users/Natalia/Desktop/PADIA/endansys/dataset/training/Pecari_de_collar/41.jpg,pecari de collar,0
C:/Users/Natalia/Desktop/PADIA/endansys/dataset/training/Pecari_de_collar/42.jpg,pecari de collar,0
C:/Users/Natalia/Desktop/PADIA/endansys/dataset/training/Pecari_de_collar/43.jpg,pecari de collar,0
C:/Users/Natalia/Desktop/PADIA/endansys/dataset/training/Pecari_de_collar/44.jpg,pecari de collar,0
C:/Users/Natalia/Desktop/PADIA/endansys/dataset/training/Pecari_de_collar/5.jpg,pecari de collar,0
C:/Users/Natalia/Desktop/PADIA/endansys/dataset/training/Pecari_de_collar/6.jpg,pecari de collar,0
C:/Users/Natalia/Desktop/PADIA/endansys/dataset/training/Pecari_de_collar/7.jpg,pecari de collar,0
C:/Users/Natalia/Desktop/PADIA/endansys/dataset/training/Pecari_de_collar/8.jpg,pecari de collar,0
C:/Users/Natalia/Desktop/PADIA/endansys/dataset/training/Pecari_de_collar/9.jpg,pecari de collar,0
C:/Users/Natalia/Desktop/PADIA/endansys/dataset/training/Pecari_de_collar/imagen_001.jpg,pecari de collar,0
C:/Users/Natalia/Desktop/PADIA/endansys/dataset/training/Pecari_de_collar/imagen_002.jpg,pecari de collar,0
C:/Users/Natalia/Desktop/PADIA/endansys/dataset/training/Pecari_de_collar/imagen_003.jpg,pecari de collar,0
C:/Users/Natalia/Desktop/PADIA/endansys/dataset/training/Pecari_de_collar/imagen_004.jpg,pecari de collar,0
C:/Users/Natalia/Desktop/PADIA/endansys/dataset/training/Pecari_de_collar/imagen_005.jpg,pecari de collar,0
C:/Users/Natalia/Desktop/PADIA/endansys/dataset/training/Pecari_de_collar/imagen_006.jpg,pecari de collar,0
C:/Users/Natalia/Desktop/PADIA/endansys/dataset/training/Pecari_de_collar/imagen_007.jpg,pecari de collar,0
C:/Users/Natalia/Desktop/PADIA/endansys/dataset/training/Pecari_de_collar/imagen_008.jpg,pecari de collar,0
C:/Users/Natalia/Desktop/PADIA/endansys/dataset/training/Pecari_de_collar/imagen_009.jpg,pecari de collar,0
C:/Users/Natalia/Desktop/PADIA/endansys/dataset/training/Pecari_de_collar/imagen_010.jpg,pecari de collar,0
C:/Users/Natalia/Desktop/PADIA/endansys/dataset/training/Pecari_de_collar/imagen_011.jpg,pecari de collar,0
C:/Users/Natalia/Desktop/PADIA/endansys/dataset/training/Pecari_de_collar/imagen_012.jpg,pecari de collar,0
C:/Users/Natalia/Desktop/PADIA/endansys/dataset/training/Pecari_de_collar/imagen_013.jpg,pecari de collar,0
C:/Users/Natalia/Desktop/PADIA/endansys/dataset/training/Pecari_de_collar/imagen_014.jpg,pecari de collar,0
C:/Users/Natalia/Desktop/PADIA/endansys/dataset/training/Pecari_de_collar/imagen_015.jpg,pecari de collar,0
C:/Users/Natalia/Desktop/PADIA/endansys/dataset/training/Pecari_de_collar/imagen_016.jpg,pecari de collar,0
C:/Users/Natalia/Desktop/PADIA/endansys/dataset/training/Pecari_de_collar/imagen_017.jpg,pecari de collar,0
C:/Users/Natalia/Desktop/PADIA/endansys/dataset/training/Pecari_de_collar/imagen_018.jpg,pecari de collar,0
C:/Users/Natalia/Desktop/PADIA/endansys/dataset/training/Pecari_de_collar/imagen_019.jpg,pecari de collar,0
C:/Users/Natalia/Desktop/PADIA/endansys/dataset/training/Pecari_de_collar/imagen_020.jpg,pecari de collar,0
C:/Users/Natalia/Desktop/PADIA/endansys/dataset/training/Pecari_de_collar/imagen_021.jpg,pecari de collar,0
C:/Users/Natalia/Desktop/PADIA/endansys/dataset/training/Pecari_de_collar/imagen_022.jpg,pecari de collar,0
C:/Users/Natalia/Desktop/PADIA/endansys/dataset/training/Pecari_de_collar/imagen_023.jpg,pecari de collar,0
C:/Users/Natalia/Desktop/PADIA/endansys/dataset/training/Pecari_de_collar/imagen_024.jpg,pecari de collar,0
C:/Users/Natalia/Desktop/PADIA/endansys/dataset/training/Pecari_de_collar/imagen_025.jpg,pecari de collar,0
C:/Users/Natalia/Desktop/PADIA/endansys/dataset/training/Pecari_de_collar/imagen_026.jpg,pecari de collar,0
C:/Users/Natalia/Desktop/PADIA/endansys/dataset/training/Pecari_de_collar/imagen_027.jpg,pecari de collar,0
C:/Users/Natalia/Desktop/PADIA/endansys/dataset/training/Pecari_de_collar/imagen_028.jpg,pecari de collar,0
C:/Users/Natalia/Desktop/PADIA/endansys/dataset/training/Pecari_de_collar/imagen_029.jpg,pecari de collar,0
C:/Users/Natalia/Desktop/PADIA/endansys/dataset/training/Pecari_de_collar/imagen_030.jpg,pecari de collar,0
C:/Users/Natalia/Desktop/PADIA/endansys/dataset/training/Perezoso_de_dos_dedos/10.jpg,perezoso de dos dedos,0
C:/Users/Natalia/Desktop/PADIA/endansys/dataset/training/Perezoso_de_dos_dedos/11.jpg,perezoso de dos dedos,0
C:/Users/Natalia/Desktop/PADIA/endansys/dataset/training/Perezoso_de_dos_dedos/13.jpg,perezoso de dos dedos,0
C:/Users/Natalia/Desktop/PADIA/endansys/dataset/training/Perezoso_de_dos_dedos/14.jpg,perezoso de dos dedos,0
C:/Users/Natalia/Desktop/PADIA/endansys/dataset/training/Perezoso_de_dos_dedos/15.jpg,perezoso de dos dedos,0
C:/Users/Natalia/Desktop/PADIA/endansys/dataset/training/Perezoso_de_dos_dedos/2.jpg,perezoso de dos dedos,0
C:/Users/Natalia/Desktop/PADIA/endansys/dataset/training/Perezoso_de_dos_dedos/21.jpg,perezoso de dos dedos,0
C:/Users/Natalia/Desktop/PADIA/endansys/dataset/training/Perezoso_de_dos_dedos/24.jpg,perezoso de dos dedos,0
C:/Users/Natalia/Desktop/PADIA/endansys/dataset/training/Perezoso_de_dos_dedos/25.jpg,perezoso de dos dedos,0
C:/Users/Natalia/Desktop/PADIA/endansys/dataset/training/Perezoso_de_dos_dedos/26.jpg,perezoso de dos dedos,0
C:/Users/Natalia/Desktop/PADIA/endansys/dataset/training/Perezoso_de_dos_dedos/28.jpg,perezoso de dos dedos,0
C:/Users/Natalia/Desktop/PADIA/endansys/dataset/training/Perezoso_de_dos_dedos/3.jpg,perezoso de dos dedos,0
C:/Users/Natalia/Desktop/PADIA/endansys/dataset/training/Perezoso_de_dos_dedos/30.jpg,perezoso de dos dedos,0
C:/Users/Natalia/Desktop/PADIA/endansys/dataset/training/Perezoso_de_dos_dedos/31.jpg,perezoso de dos dedos,0
C:/Users/Natalia/Desktop/PADIA/endansys/dataset/training/Perezoso_de_dos_dedos/33.jpg,perezoso de dos dedos,0
C:/Users/Natalia/Desktop/PADIA/endansys/dataset/training/Perezoso_de_dos_dedos/36.jpg,perezoso de dos dedos,0
C:/Users/Natalia/Desktop/PADIA/endansys/dataset/training/Perezoso_de_dos_dedos/37.jpg,perezoso de dos dedos,0
C:/Users/Natalia/Desktop/PADIA/endansys/dataset/training/Perezoso_de_dos_dedos/38.jpg,perezoso de dos dedos,0
C:/Users/Natalia/Desktop/PADIA/endansys/dataset/training/Perezoso_de_dos_dedos/39.jpg,perezoso de dos dedos,0
C:/Users/Natalia/Desktop/PADIA/endansys/dataset/training/Perezoso_de_dos_dedos/4.jpg,perezoso de dos dedos,0
C:/Users/Natalia/Desktop/PADIA/endansys/dataset/training/Perezoso_de_dos_dedos/42.jpg,perezoso de dos dedos,0
C:/Users/Natalia/Desktop/PADIA/endansys/dataset/training/Perezoso_de_dos_dedos/44.jpg,perezoso de dos dedos,0
C:/Users/Natalia/Desktop/PADIA/endansys/dataset/training/Perezoso_de_dos_dedos/45.jpg,perezoso de dos dedos,0
C:/Users/Natalia/Desktop/PADIA/endansys/dataset/training/Perezoso_de_dos_dedos/46.jpg,perezoso de dos dedos,0
C:/Users/Natalia/Desktop/PADIA/endansys/dataset/training/Perezoso_de_dos_dedos/5.jpg,perezoso de dos dedos,0
C:/Users/Natalia/Desktop/PADIA/endansys/dataset/training/Perezoso_de_dos_dedos/50.jpg,perezoso de dos dedos,0
C:/Users/Natalia/Desktop/PADIA/endansys/dataset/training/Perezoso_de_dos_dedos/8.jpg,perezoso de dos dedos,0
C:/Users/Natalia/Desktop/PADIA/endansys/dataset/training/Perezoso_de_dos_dedos/9.jpg,perezoso de dos dedos,0
C:/Users/Natalia/Desktop/PADIA/endansys/dataset/training/Perezoso_de_dos_dedos/imagen_001.jpg,perezoso de dos dedos,0
C:/Users/Natalia/Desktop/PADIA/endansys/dataset/training/Perezoso_de_dos_dedos/imagen_002.jpg,perezoso de dos dedos,0
C:/Users/Natalia/Desktop/PADIA/endansys/dataset/training/Perezoso_de_dos_dedos/imagen_003.jpg,perezoso de dos dedos,0
C:/Users/Natalia/Desktop/PADIA/endansys/dataset/training/Perezoso_de_dos_dedos/imagen_004.jpg,perezoso de dos dedos,0
C:/Users/Natalia/Desktop/PADIA/endansys/dataset/training/Perezoso_de_dos_dedos/imagen_005.jpg,perezoso de dos dedos,0
C:/Users/Natalia/Desktop/PADIA/endansys/dataset/training/Perezoso_de_dos_dedos/imagen_006.jpg,perezoso de dos dedos,0
C:/Users/Natalia/Desktop/PADIA/endansys/dataset/training/Perezoso_de_dos_dedos/imagen_007.jpg,perezoso de dos dedos,0
C:/Users/Natalia/Desktop/PADIA/endansys/dataset/training/Perezoso_de_dos_dedos/imagen_008.jpg,perezoso de dos dedos,0
C:/Users/Natalia/Desktop/PADIA/endansys/dataset/training/Perezoso_de_dos_dedos/imagen_009.jpg,perezoso de dos dedos,0
C:/Users/Natalia/Desktop/PADIA/endansys/dataset/training/Perezoso_de_dos_dedos/imagen_010.jpg,perezoso de dos dedos,0
C:/Users/Natalia/Desktop/PADIA/endansys/dataset/training/Perezoso_de_dos_dedos/imagen_011.jpg,perezoso de dos dedos,0
C:/Users/Natalia/Desktop/PADIA/endansys/dataset/training/Perezoso_de_dos_dedos/imagen_012.jpg,perezoso de dos dedos,0
C:/Users/Natalia/Desktop/PADIA/endansys/dataset/training/Perezoso_de_dos_dedos/imagen_013.jpg,perezoso de dos dedos,0
C:/Users/Natalia/Desktop/PADIA/endansys/dataset/training/Perezoso_de_dos_dedos/imagen_014.jpg,perezoso de dos dedos,0
C:/Users/Natalia/Desktop/PADIA/endansys/dataset/training/Perezoso_de_dos_dedos/imagen_015.jpg,perezoso de dos dedos,0
C:/Users/Natalia/Desktop/PADIA/endansys/dataset/training/Perezoso_de_dos_dedos/imagen_016.jpg,perezoso de dos dedos,0
C:/Users/Natalia/Desktop/PADIA/endansys/dataset/training/Perezoso_de_dos_dedos/imagen_017.jpg,perezoso de dos dedos,0
C:/Users/Natalia/Desktop/PADIA/endansys/dataset/training/Perezoso_de_dos_dedos/imagen_018.jpg,perezoso de dos dedos,0
C:/Users/Natalia/Desktop/PADIA/endansys/dataset/training/Perezoso_de_dos_dedos/imagen_019.jpg,perezoso de dos dedos,0
C:/Users/Natalia/Desktop/PADIA/endansys/dataset/training/Perezoso_de_dos_dedos/imagen_020.jpg,perezoso de dos dedos,0
C:/Users/Natalia/Desktop/PADIA/endansys/dataset/training/Perezoso_de_dos_dedos/imagen_021.jpg,perezoso de dos dedos,0
C:/Users/Natalia/Desktop/PADIA/endansys/dataset/training/Perezoso_de_dos_dedos/imagen_022.jpg,perezoso de dos dedos,0
C:/Users/Natalia/Desktop/PADIA/endansys/dataset/training/Perezoso_de_dos_dedos/imagen_023.jpg,perezoso de dos dedos,0
C:/Users/Natalia/Desktop/PADIA/endansys/dataset/training/Perezoso_de_dos_dedos/imagen_024.jpg,perezoso de dos dedos,0
C:/Users/Natalia/Desktop/PADIA/endansys/dataset/training/Perezoso_de_dos_dedos/imagen_025.jpg,perezoso de dos dedos,0
C:/Users/Natalia/Desktop/PADIA/endansys/dataset/training/Perezoso_de_dos_dedos/imagen_026.jpg,perezoso de dos dedos,0
C:/Users/Natalia/Desktop/PADIA/endansys/dataset/training/Perezoso_de_dos_dedos/imagen_027.jpg,perezoso de dos dedos,0
C:/Users/Natalia/Desktop/PADIA/endansys/dataset/training/Perezoso_de_dos_dedos/imagen_028.jpg,perezoso de dos dedos,0
C:/Users/Natalia/Desktop/PADIA/endansys/dataset/training/Perezoso_de_dos_dedos/imagen_029.jpg,perezoso de dos dedos,0
C:/Users/Natalia/Desktop/PADIA/endansys/dataset/training/Perezoso_de_dos_dedos/imagen_030.jpg,perezoso de dos dedos,0
C:/Users/Natalia/Desktop/PADIA/endansys/dataset/training/Perico_carisucio/1.jpg,perico carisucio,0
C:/Users/Natalia/Desktop/PADIA/endansys/dataset/training/Perico_carisucio/10.jpg,perico carisucio,0
C:/Users/Natalia/Desktop/PADIA/endansys/dataset/training/Perico_carisucio/14.jpg,perico carisucio,0
C:/Users/Natalia/Desktop/PADIA/endansys/dataset/training/Perico_carisucio/16.jpg,perico carisucio,0
C:/Users/Natalia/Desktop/PADIA/endansys/dataset/training/Perico_carisucio/17.jpg,perico carisucio,0
C:/Users/Natalia/Desktop/PADIA/endansys/dataset/training/Perico_carisucio/18.jpg,perico carisucio,0
C:/Users/Natalia/Desktop/PADIA/endansys/dataset/training/Perico_carisucio/19.jpg,perico carisucio,0
C:/Users/Natalia/Desktop/PADIA/endansys/dataset/training/Perico_carisucio/2.jpg,perico carisucio,0
C:/Users/Natalia/Desktop/PADIA/endansys/dataset/training/Perico_carisucio/20.jpg,perico carisucio,0
C:/Users/Natalia/Desktop/PADIA/endansys/dataset/training/Perico_carisucio/21.jpg,perico carisucio,0
C:/Users/Natalia/Desktop/PADIA/endansys/dataset/training/Perico_carisucio/22.jpg,perico carisucio,0
C:/Users/Natalia/Desktop/PADIA/endansys/dataset/training/Perico_carisucio/23.jpg,perico carisucio,0
C:/Users/Natalia/Desktop/PADIA/endansys/dataset/training/Perico_carisucio/25.jpg,perico carisucio,0
C:/Users/Natalia/Desktop/PADIA/endansys/dataset/training/Perico_carisucio/26.jpg,perico carisucio,0
C:/Users/Natalia/Desktop/PADIA/endansys/dataset/training/Perico_carisucio/27.jpg,perico carisucio,0
C:/Users/Natalia/Desktop/PADIA/endansys/dataset/training/Perico_carisucio/30.jpg,perico carisucio,0
C:/Users/Natalia/Desktop/PADIA/endansys/dataset/training/Perico_carisucio/31.jpg,perico carisucio,0
C:/Users/Natalia/Desktop/PADIA/endansys/dataset/training/Perico_carisucio/33.jpg,perico carisucio,0
C:/Users/Natalia/Desktop/PADIA/endansys/dataset/training/Perico_carisucio/34.jpg,perico carisucio,0
C:/Users/Natalia/Desktop/PADIA/endansys/dataset/training/Perico_carisucio/35.jpg,perico carisucio,0
C:/Users/Natalia/Desktop/PADIA/endansys/dataset/training/Perico_carisucio/38.jpg,perico carisucio,0
C:/Users/Natalia/Desktop/PADIA/endansys/dataset/training/Perico_carisucio/39.jpg,perico carisucio,0
C:/Users/Natalia/Desktop/PADIA/endansys/dataset/training/Perico_carisucio/41.jpg,perico carisucio,0
C:/Users/Natalia/Desktop/PADIA/endansys/dataset/training/Perico_carisucio/42.jpg,perico carisucio,0
C:/Users/Natalia/Desktop/PADIA/endansys/dataset/training/Perico_carisucio/43.jpg,perico carisucio,0
C:/Users/Natalia/Desktop/PADIA/endansys/dataset/training/Perico_carisucio/44.jpg,perico carisucio,0
C:/Users/Natalia/Desktop/PADIA/endansys/dataset/training/Perico_carisucio/46.jpg,perico carisucio,0
C:/Users/Natalia/Desktop/PADIA/endansys/dataset/training/Perico_carisucio/48.jpg,perico carisucio,0
C:/Users/Natalia/Desktop/PADIA/endansys/dataset/training/Perico_carisucio/49.jpg,perico carisucio,0
C:/Users/Natalia/Desktop/PADIA/endansys/dataset/training/Perico_carisucio/50.jpg,perico carisucio,0
C:/Users/Natalia/Desktop/PADIA/endansys/dataset/training/Perico_carisucio/6.jpg,perico carisucio,0
C:/Users/Natalia/Desktop/PADIA/endansys/dataset/training/Perico_carisucio/7.jpg,perico carisucio,0
C:/Users/Natalia/Desktop/PADIA/endansys/dataset/training/Perico_carisucio/imagen_001.jpg,perico carisucio,0
C:/Users/Natalia/Desktop/PADIA/endansys/dataset/training/Perico_carisucio/imagen_002.jpg,perico carisucio,0
C:/Users/Natalia/Desktop/PADIA/endansys/dataset/training/Perico_carisucio/imagen_003.jpg,perico carisucio,0
C:/Users/Natalia/Desktop/PADIA/endansys/dataset/training/Perico_carisucio/imagen_004.jpg,perico carisucio,0
C:/Users/Natalia/Desktop/PADIA/endansys/dataset/training/Perico_carisucio/imagen_005.jpg,perico carisucio,0
C:/Users/Natalia/Desktop/PADIA/endansys/dataset/training/Perico_carisucio/imagen_006.jpg,perico carisucio,0
C:/Users/Natalia/Desktop/PADIA/endansys/dataset/training/Perico_carisucio/imagen_007.jpg,perico carisucio,0
C:/Users/Natalia/Desktop/PADIA/endansys/dataset/training/Perico_carisucio/imagen_008.jpg,perico carisucio,0
C:/Users/Natalia/Desktop/PADIA/endansys/dataset/training/Perico_carisucio/imagen_009.jpg,perico carisucio,0
C:/Users/Natalia/Desktop/PADIA/endansys/dataset/training/Perico_carisucio/imagen_010.jpg,perico carisucio,0
C:/Users/Natalia/Desktop/PADIA/endansys/dataset/training/Perico_carisucio/imagen_011.jpg,perico carisucio,0
C:/Users/Natalia/Desktop/PADIA/endansys/dataset/training/Perico_carisucio/imagen_012.jpg,perico carisucio,0
C:/Users/Natalia/Desktop/PADIA/endansys/dataset/training/Perico_carisucio/imagen_013.jpg,perico carisucio,0
C:/Users/Natalia/Desktop/PADIA/endansys/dataset/training/Perico_carisucio/imagen_014.jpg,perico carisucio,0
C:/Users/Natalia/Desktop/PADIA/endansys/dataset/training/Perico_carisucio/imagen_015.jpg,perico carisucio,0
C:/Users/Natalia/Desktop/PADIA/endansys/dataset/training/Perico_carisucio/imagen_016.jpg,perico carisucio,0
C:/Users/Natalia/Desktop/PADIA/endansys/dataset/training/Perico_carisucio/imagen_017.jpg,perico carisucio,0
C:/Users/Natalia/Desktop/PADIA/endansys/dataset/training/Perico_carisucio/imagen_018.jpg,perico carisucio,0
C:/Users/Natalia/Desktop/PADIA/endansys/dataset/training/Perico_carisucio/imagen_019.jpg,perico carisucio,0
C:/Users/Natalia/Desktop/PADIA/endansys/dataset/training/Perico_carisucio/imagen_020.jpg,perico carisucio,0
C:/Users/Natalia/Desktop/PADIA/endansys/dataset/training/Perico_carisucio/imagen_021.jpg,perico carisucio,0
C:/Users/Natalia/Desktop/PADIA/endansys/dataset/training/Perico_carisucio/imagen_022.jpg,perico carisucio,0
C:/Users/Natalia/Desktop/PADIA/endansys/dataset/training/Perico_carisucio/imagen_023.jpg,perico carisucio,0
C:/Users/Natalia/Desktop/PADIA/endansys/dataset/training/Perico_carisucio/imagen_024.jpg,perico carisucio,0
C:/Users/Natalia/Desktop/PADIA/endansys/dataset/training/Perro_de_monte/1.jpg,perro de monte,0
C:/Users/Natalia/Desktop/PADIA/endansys/dataset/training/Perro_de_monte/13.jpg,perro de monte,0
C:/Users/Natalia/Desktop/PADIA/endansys/dataset/training/Perro_de_monte/15.jpg,perro de monte,0
C:/Users/Natalia/Desktop/PADIA/endansys/dataset/training/Perro_de_monte/16.jpg,perro de monte,0
C:/Users/Natalia/Desktop/PADIA/endansys/dataset/training/Perro_de_monte/17.jpg,perro de monte,0
C:/Users/Natalia/Desktop/PADIA/endansys/dataset/training/Perro_de_monte/18.jpg,perro de monte,0
C:/Users/Natalia/Desktop/PADIA/endansys/dataset/training/Perro_de_monte/19.jpg,perro de monte,0
C:/Users/Natalia/Desktop/PADIA/endansys/dataset/training/Perro_de_monte/20.jpg,perro de monte,0
C:/Users/Natalia/Desktop/PADIA/endansys/dataset/training/Perro_de_monte/21.jpg,perro de monte,0
C:/Users/Natalia/Desktop/PADIA/endansys/dataset/training/Perro_de_monte/25.jpg,perro de monte,0
C:/Users/Natalia/Desktop/PADIA/endansys/dataset/training/Perro_de_monte/27.jpg,perro de monte,0
C:/Users/Natalia/Desktop/PADIA/endansys/dataset/training/Perro_de_monte/28.jpg,perro de monte,0
C:/Users/Natalia/Desktop/PADIA/endansys/dataset/training/Perro_de_monte/29.jpg,perro de monte,0
C:/Users/Natalia/Desktop/PADIA/endansys/dataset/training/Perro_de_monte/3.jpg,perro de monte,0
C:/Users/Natalia/Desktop/PADIA/endansys/dataset/training/Perro_de_monte/30.jpg,perro de monte,0
C:/Users/Natalia/Desktop/PADIA/endansys/dataset/training/Perro_de_monte/31.jpg,perro de monte,0
C:/Users/Natalia/Desktop/PADIA/endansys/dataset/training/Perro_de_monte/33.jpg,perro de monte,0
C:/Users/Natalia/Desktop/PADIA/endansys/dataset/training/Perro_de_monte/34.jpg,perro de monte,0
C:/Users/Natalia/Desktop/PADIA/endansys/dataset/training/Perro_de_monte/4.jpg,perro de monte,0
C:/Users/Natalia/Desktop/PADIA/endansys/dataset/training/Perro_de_monte/42.jpg,perro de monte,0
C:/Users/Natalia/Desktop/PADIA/endansys/dataset/training/Perro_de_monte/43.jpg,perro de monte,0
C:/Users/Natalia/Desktop/PADIA/endansys/dataset/training/Perro_de_monte/44.jpg,perro de monte,0
C:/Users/Natalia/Desktop/PADIA/endansys/dataset/training/Perro_de_monte/45.jpg,perro de monte,0
C:/Users/Natalia/Desktop/PADIA/endansys/dataset/training/Perro_de_monte/47.jpg,perro de monte,0
C:/Users/Natalia/Desktop/PADIA/endansys/dataset/training/Perro_de_monte/48.jpg,perro de monte,0
C:/Users/Natalia/Desktop/PADIA/endansys/dataset/training/Perro_de_monte/5.jpg,perro de monte,0
C:/Users/Natalia/Desktop/PADIA/endansys/dataset/training/Perro_de_monte/8.jpg,perro de monte,0
C:/Users/Natalia/Desktop/PADIA/endansys/dataset/training/Perro_de_monte/9.jpg,perro de monte,0
C:/Users/Natalia/Desktop/PADIA/endansys/dataset/training/Perro_de_monte/imagen_001.jpg,perro de monte,0
C:/Users/Natalia/Desktop/PADIA/endansys/dataset/training/Perro_de_monte/imagen_002.jpg,perro de monte,0
C:/Users/Natalia/Desktop/PADIA/endansys/dataset/training/Perro_de_monte/imagen_003.jpg,perro de monte,0
C:/Users/Natalia/Desktop/PADIA/endansys/dataset/training/Perro_de_monte/imagen_004.jpg,perro de monte,0
C:/Users/Natalia/Desktop/PADIA/endansys/dataset/training/Perro_de_monte/imagen_005.jpg,perro de monte,0
C:/Users/Natalia/Desktop/PADIA/endansys/dataset/training/Perro_de_monte/imagen_006.jpg,perro de monte,0
C:/Users/Natalia/Desktop/PADIA/endansys/dataset/training/Perro_de_monte/imagen_007.jpg,perro de monte,0
C:/Users/Natalia/Desktop/PADIA/endansys/dataset/training/Perro_de_monte/imagen_008.jpg,perro de monte,0
C:/Users/Natalia/Desktop/PADIA/endansys/dataset/training/Perro_de_monte/imagen_009.jpg,perro de monte,0
C:/Users/Natalia/Desktop/PADIA/endansys/dataset/training/Perro_de_monte/imagen_010.jpg,perro de monte,0
C:/Users/Natalia/Desktop/PADIA/endansys/dataset/training/Perro_de_monte/imagen_011.jpg,perro de monte,0
C:/Users/Natalia/Desktop/PADIA/endansys/dataset/training/Perro_de_monte/imagen_012.jpg,perro de monte,0
C:/Users/Natalia/Desktop/PADIA/endansys/dataset/training/Perro_de_monte/imagen_013.jpg,perro de monte,0
C:/Users/Natalia/Desktop/PADIA/endansys/dataset/training/Perro_de_monte/imagen_014.jpg,perro de monte,0
C:/Users/Natalia/Desktop/PADIA/endansys/dataset/training/Perro_de_monte/imagen_015.jpg,perro de monte,0
C:/Users/Natalia/Desktop/PADIA/endansys/dataset/training/Perro_de_monte/imagen_016.jpg,perro de monte,0
C:/Users/Natalia/Desktop/PADIA/endansys/dataset/training/Perro_de_monte/imagen_017.jpg,perro de monte,0
C:/Users/Natalia/Desktop/PADIA/endansys/dataset/training/Perro_de_monte/imagen_018.jpg,perro de monte,0
C:/Users/Natalia/Desktop/PADIA/endansys/dataset/training/Perro_de_monte/imagen_019.jpg,perro de monte,0
C:/Users/Natalia/Desktop/PADIA/endansys/dataset/training/Perro_de_monte/imagen_020.jpg,perro de monte,0
C:/Users/Natalia/Desktop/PADIA/endansys/dataset/training/Perro_de_monte/imagen_021.jpg,perro de monte,0
C:/Users/Natalia/Desktop/PADIA/endansys/dataset/training/Perro_de_monte/imagen_022.jpg,perro de monte,0
C:/Users/Natalia/Desktop/PADIA/endansys/dataset/training/Perro_de_monte/imagen_023.jpg,perro de monte,0
C:/Users/Natalia/Desktop/PADIA/endansys/dataset/training/Perro_de_monte/imagen_024.jpg,perro de monte,0
C:/Users/Natalia/Desktop/PADIA/endansys/dataset/training/Perro_de_monte/imagen_025.jpg,perro de monte,0
C:/Users/Natalia/Desktop/PADIA/endansys/dataset/training/Perro_de_monte/imagen_026.jpg,perro de monte,0
C:/Users/Natalia/Desktop/PADIA/endansys/dataset/training/Perro_de_monte/imagen_027.jpg,perro de monte,0
C:/Users/Natalia/Desktop/PADIA/endansys/dataset/training/Puma/1.jpg,puma,0
C:/Users/Natalia/Desktop/PADIA/endansys/dataset/training/Puma/12.jpg,puma,0
C:/Users/Natalia/Desktop/PADIA/endansys/dataset/training/Puma/13.jpg,puma,0
C:/Users/Natalia/Desktop/PADIA/endansys/dataset/training/Puma/15.jpg,puma,0
C:/Users/Natalia/Desktop/PADIA/endansys/dataset/training/Puma/16.jpg,puma,0
C:/Users/Natalia/Desktop/PADIA/endansys/dataset/training/Puma/19.jpg,puma,0
C:/Users/Natalia/Desktop/PADIA/endansys/dataset/training/Puma/2.jpg,puma,0
C:/Users/Natalia/Desktop/PADIA/endansys/dataset/training/Puma/20.jpg,puma,0
C:/Users/Natalia/Desktop/PADIA/endansys/dataset/training/Puma/25.jpg,puma,0
C:/Users/Natalia/Desktop/PADIA/endansys/dataset/training/Puma/26.jpg,puma,0
C:/Users/Natalia/Desktop/PADIA/endansys/dataset/training/Puma/29.jpg,puma,0
C:/Users/Natalia/Desktop/PADIA/endansys/dataset/training/Puma/30.jpg,puma,0
C:/Users/Natalia/Desktop/PADIA/endansys/dataset/training/Puma/33.jpg,puma,0
C:/Users/Natalia/Desktop/PADIA/endansys/dataset/training/Puma/35.jpg,puma,0
C:/Users/Natalia/Desktop/PADIA/endansys/dataset/training/Puma/39.jpg,puma,0
C:/Users/Natalia/Desktop/PADIA/endansys/dataset/training/Puma/41.jpg,puma,0
C:/Users/Natalia/Desktop/PADIA/endansys/dataset/training/Puma/44.jpg,puma,0
C:/Users/Natalia/Desktop/PADIA/endansys/dataset/training/Puma/45.jpg,puma,0
C:/Users/Natalia/Desktop/PADIA/endansys/dataset/training/Puma/47.jpg,puma,0
C:/Users/Natalia/Desktop/PADIA/endansys/dataset/training/Puma/48.jpg,puma,0
C:/Users/Natalia/Desktop/PADIA/endansys/dataset/training/Puma/5.jpg,puma,0
C:/Users/Natalia/Desktop/PADIA/endansys/dataset/training/Puma/50.jpg,puma,0
C:/Users/Natalia/Desktop/PADIA/endansys/dataset/training/Puma/8.jpg,puma,0
C:/Users/Natalia/Desktop/PADIA/endansys/dataset/training/Puma/9.jpg,puma,0
C:/Users/Natalia/Desktop/PADIA/endansys/dataset/training/Puma/imagen_001.jpg,puma,0
C:/Users/Natalia/Desktop/PADIA/endansys/dataset/training/Puma/imagen_002.jpg,puma,0
C:/Users/Natalia/Desktop/PADIA/endansys/dataset/training/Puma/imagen_003.jpg,puma,0
C:/Users/Natalia/Desktop/PADIA/endansys/dataset/training/Puma/imagen_004.jpg,puma,0
C:/Users/Natalia/Desktop/PADIA/endansys/dataset/training/Puma/imagen_005.jpg,puma,0
C:/Users/Natalia/Desktop/PADIA/endansys/dataset/training/Puma/imagen_006.jpg,puma,0
C:/Users/Natalia/Desktop/PADIA/endansys/dataset/training/Puma/imagen_007.jpg,puma,0
C:/Users/Natalia/Desktop/PADIA/endansys/dataset/training/Puma/imagen_008.jpg,puma,0
C:/Users/Natalia/Desktop/PADIA/endansys/dataset/training/Puma/imagen_009.jpg,puma,0
C:/Users/Natalia/Desktop/PADIA/endansys/dataset/training/Puma/imagen_010.jpg,puma,0
C:/Users/Natalia/Desktop/PADIA/endansys/dataset/training/Puma/imagen_011.jpg,puma,0
C:/Users/Natalia/Desktop/PADIA/endansys/dataset/training/Puma/imagen_012.jpg,puma,0
C:/Users/Natalia/Desktop/PADIA/endansys/dataset/training/Puma/imagen_013.jpg,puma,0
C:/Users/Natalia/Desktop/PADIA/endansys/dataset/training/Puma/imagen_014.jpg,puma,0
C:/Users/Natalia/Desktop/PADIA/endansys/dataset/training/Puma/imagen_015.jpg,puma,0
C:/Users/Natalia/Desktop/PADIA/endansys/dataset/training/Puma/imagen_016.jpg,puma,0
C:/Users/Natalia/Desktop/PADIA/endansys/dataset/training/Puma/imagen_017.jpg,puma,0
C:/Users/Natalia/Desktop/PADIA/endansys/dataset/training/Puma/imagen_018.jpg,puma,0
C:/Users/Natalia/Desktop/PADIA/endansys/dataset/training/Puma/imagen_019.jpg,puma,0
C:/Users/Natalia/Desktop/PADIA/endansys/dataset/training/Puma/imagen_020.jpg,puma,0
C:/Users/Natalia/Desktop/PADIA/endansys/dataset/training/Puma/imagen_021.jpg,puma,0
C:/Users/Natalia/Desktop/PADIA/endansys/dataset/training/Puma/imagen_022.jpg,puma,0
C:/Users/Natalia/Desktop/PADIA/endansys/dataset/training/Puma/imagen_023.jpg,puma,0
C:/Users/Natalia/Desktop/PADIA/endansys/dataset/training/Puma/imagen_024.jpg,puma,0
C:/Users/Natalia/Desktop/PADIA/endansys/dataset/training/Puma/imagen_025.jpg,puma,0
C:/Users/Natalia/Desktop/PADIA/endansys/dataset/training/Puma/imagen_026.jpg,puma,0
C:/Users/Natalia/Desktop/PADIA/endansys/dataset/training/Puma/imagen_027.jpg,puma,0
C:/Users/Natalia/Desktop/PADIA/endansys/dataset/training/Puma/imagen_028.jpg,puma,0
C:/Users/Natalia/Desktop/PADIA/endansys/dataset/training/Rana_de_cristal/10.jpg,rana de cristal,0
C:/Users/Natalia/Desktop/PADIA/endansys/dataset/training/Rana_de_cristal/11.jpg,rana de cristal,0
C:/Users/Natalia/Desktop/PADIA/endansys/dataset/training/Rana_de_cristal/12.jpg,rana de cristal,0
C:/Users/Natalia/Desktop/PADIA/endansys/dataset/training/Rana_de_cristal/14.jpg,rana de cristal,0
C:/Users/Natalia/Desktop/PADIA/endansys/dataset/training/Rana_de_cristal/17.jpg,rana de cristal,0
C:/Users/Natalia/Desktop/PADIA/endansys/dataset/training/Rana_de_cristal/18.jpg,rana de cristal,0
C:/Users/Natalia/Desktop/PADIA/endansys/dataset/training/Rana_de_cristal/19.jpg,rana de cristal,0
C:/Users/Natalia/Desktop/PADIA/endansys/dataset/training/Rana_de_cristal/2.jpg,rana de cristal,0
C:/Users/Natalia/Desktop/PADIA/endansys/dataset/training/Rana_de_cristal/20.jpg,rana de cristal,0
C:/Users/Natalia/Desktop/PADIA/endansys/dataset/training/Rana_de_cristal/24.jpg,rana de cristal,0
C:/Users/Natalia/Desktop/PADIA/endansys/dataset/training/Rana_de_cristal/26.jpg,rana de cristal,0
C:/Users/Natalia/Desktop/PADIA/endansys/dataset/training/Rana_de_cristal/28.jpg,rana de cristal,0
C:/Users/Natalia/Desktop/PADIA/endansys/dataset/training/Rana_de_cristal/29.jpg,rana de cristal,0
C:/Users/Natalia/Desktop/PADIA/endansys/dataset/training/Rana_de_cristal/36.jpg,rana de cristal,0
C:/Users/Natalia/Desktop/PADIA/endansys/dataset/training/Rana_de_cristal/40.jpg,rana de cristal,0
C:/Users/Natalia/Desktop/PADIA/endansys/dataset/training/Rana_de_cristal/41.jpg,rana de cristal,0
C:/Users/Natalia/Desktop/PADIA/endansys/dataset/training/Rana_de_cristal/42.jpg,rana de cristal,0
C:/Users/Natalia/Desktop/PADIA/endansys/dataset/training/Rana_de_cristal/43.jpg,rana de cristal,0
C:/Users/Natalia/Desktop/PADIA/endansys/dataset/training/Rana_de_cristal/45.jpg,rana de cristal,0
C:/Users/Natalia/Desktop/PADIA/endansys/dataset/training/Rana_de_cristal/49.jpg,rana de cristal,0
C:/Users/Natalia/Desktop/PADIA/endansys/dataset/training/Rana_de_cristal/5.jpg,rana de cristal,0
C:/Users/Natalia/Desktop/PADIA/endansys/dataset/training/Rana_de_cristal/50.jpg,rana de cristal,0
C:/Users/Natalia/Desktop/PADIA/endansys/dataset/training/Rana_de_cristal/6.jpg,rana de cristal,0
C:/Users/Natalia/Desktop/PADIA/endansys/dataset/training/Rana_de_cristal/9.jpg,rana de cristal,0
C:/Users/Natalia/Desktop/PADIA/endansys/dataset/training/Rana_de_cristal/imagen_001.jpg,rana de cristal,0
C:/Users/Natalia/Desktop/PADIA/endansys/dataset/training/Rana_de_cristal/imagen_002.jpg,rana de cristal,0
C:/Users/Natalia/Desktop/PADIA/endansys/dataset/training/Rana_de_cristal/imagen_003.jpg,rana de cristal,0
C:/Users/Natalia/Desktop/PADIA/endansys/dataset/training/Rana_de_cristal/imagen_004.jpg,rana de cristal,0
C:/Users/Natalia/Desktop/PADIA/endansys/dataset/training/Rana_de_cristal/imagen_005.jpg,rana de cristal,0
C:/Users/Natalia/Desktop/PADIA/endansys/dataset/training/Rana_de_cristal/imagen_006.jpg,rana de cristal,0
C:/Users/Natalia/Desktop/PADIA/endansys/dataset/training/Rana_de_cristal/imagen_007.jpg,rana de cristal,0
C:/Users/Natalia/Desktop/PADIA/endansys/dataset/training/Rana_de_cristal/imagen_008.jpg,rana de cristal,0
C:/Users/Natalia/Desktop/PADIA/endansys/dataset/training/Rana_de_cristal/imagen_009.jpg,rana de cristal,0
C:/Users/Natalia/Desktop/PADIA/endansys/dataset/training/Rana_de_cristal/imagen_010.jpg,rana de cristal,0
C:/Users/Natalia/Desktop/PADIA/endansys/dataset/training/Rana_de_cristal/imagen_011.jpg,rana de cristal,0
C:/Users/Natalia/Desktop/PADIA/endansys/dataset/training/Rana_de_cristal/imagen_012.jpg,rana de cristal,0
C:/Users/Natalia/Desktop/PADIA/endansys/dataset/training/Rana_de_cristal/imagen_013.jpg,rana de cristal,0
C:/Users/Natalia/Desktop/PADIA/endansys/dataset/training/Rana_de_cristal/imagen_014.jpg,rana de cristal,0
C:/Users/Natalia/Desktop/PADIA/endansys/dataset/training/Rana_de_cristal/imagen_015.jpg,rana de cristal,0
C:/Users/Natalia/Desktop/PADIA/endansys/dataset/training/Rana_de_cristal/imagen_016.jpg,rana de cristal,0
C:/Users/Natalia/Desktop/PADIA/endansys/dataset/training/Rana_de_cristal/imagen_017.jpg,rana de cristal,0
C:/Users/Natalia/Desktop/PADIA/endansys/dataset/training/Rana_de_cristal/imagen_018.jpg,rana de cristal,0
C:/Users/Natalia/Desktop/PADIA/endansys/dataset/training/Rana_de_cristal/imagen_019.jpg,rana de cristal,0
C:/Users/Natalia/Desktop/PADIA/endansys/dataset/training/Rana_de_cristal/imagen_020.jpg,rana de cristal,0
C:/Users/Natalia/Desktop/PADIA/endansys/dataset/training/Rana_de_cristal/imagen_021.jpg,rana de cristal,0
C:/Users/Natalia/Desktop/PADIA/endansys/dataset/training/Rana_de_cristal/imagen_022.jpg,rana de cristal,0
C:/Users/Natalia/Desktop/PADIA/endansys/dataset/training/Rana_de_cristal/imagen_023.jpg,rana de cristal,0
C:/Users/Natalia/Desktop/PADIA/endansys/dataset/training/Rana_de_cristal/imagen_024.jpg,rana de cristal,0
C:/Users/Natalia/Desktop/PADIA/endansys/dataset/training/Rana_de_cristal/imagen_025.jpg,rana de cristal,0
C:/Users/Natalia/Desktop/PADIA/endansys/dataset/training/Rana_de_cristal/imagen_026.jpg,rana de cristal,0
C:/Users/Natalia/Desktop/PADIA/endansys/dataset/training/Rana_de_cristal/imagen_027.jpg,rana de cristal,0
C:/Users/Natalia/Desktop/PADIA/endansys/dataset/training/Rana_de_cristal/imagen_028.jpg,rana de cristal,0
C:/Users/Natalia/Desktop/PADIA/endansys/dataset/training/Rana_de_cristal/imagen_029.jpg,rana de cristal,0
C:/Users/Natalia/Desktop/PADIA/endansys/dataset/training/Rana_dorada_peligro/10.jpg,rana dorada,1
C:/Users/Natalia/Desktop/PADIA/endansys/dataset/training/Rana_dorada_peligro/11.jpg,rana dorada,1
C:/Users/Natalia/Desktop/PADIA/endansys/dataset/training/Rana_dorada_peligro/14.jpg,rana dorada,1
C:/Users/Natalia/Desktop/PADIA/endansys/dataset/training/Rana_dorada_peligro/15.jpg,rana dorada,1
C:/Users/Natalia/Desktop/PADIA/endansys/dataset/training/Rana_dorada_peligro/16.jpg,rana dorada,1
C:/Users/Natalia/Desktop/PADIA/endansys/dataset/training/Rana_dorada_peligro/18.jpg,rana dorada,1
C:/Users/Natalia/Desktop/PADIA/endansys/dataset/training/Rana_dorada_peligro/19.jpg,rana dorada,1
C:/Users/Natalia/Desktop/PADIA/endansys/dataset/training/Rana_dorada_peligro/20.jpg,rana dorada,1
C:/Users/Natalia/Desktop/PADIA/endansys/dataset/training/Rana_dorada_peligro/21.jpg,rana dorada,1
C:/Users/Natalia/Desktop/PADIA/endansys/dataset/training/Rana_dorada_peligro/23.jpg,rana dorada,1
C:/Users/Natalia/Desktop/PADIA/endansys/dataset/training/Rana_dorada_peligro/25.jpg,rana dorada,1
C:/Users/Natalia/Desktop/PADIA/endansys/dataset/training/Rana_dorada_peligro/27.jpg,rana dorada,1
C:/Users/Natalia/Desktop/PADIA/endansys/dataset/training/Rana_dorada_peligro/29.jpg,rana dorada,1
C:/Users/Natalia/Desktop/PADIA/endansys/dataset/training/Rana_dorada_peligro/3.jpg,rana dorada,1
C:/Users/Natalia/Desktop/PADIA/endansys/dataset/training/Rana_dorada_peligro/30.jpg,rana dorada,1
C:/Users/Natalia/Desktop/PADIA/endansys/dataset/training/Rana_dorada_peligro/31.jpg,rana dorada,1
C:/Users/Natalia/Desktop/PADIA/endansys/dataset/training/Rana_dorada_peligro/34.jpg,rana dorada,1
C:/Users/Natalia/Desktop/PADIA/endansys/dataset/training/Rana_dorada_peligro/36.jpg,rana dorada,1
C:/Users/Natalia/Desktop/PADIA/endansys/dataset/training/Rana_dorada_peligro/38.jpg,rana dorada,1
C:/Users/Natalia/Desktop/PADIA/endansys/dataset/training/Rana_dorada_peligro/39.jpg,rana dorada,1
C:/Users/Natalia/Desktop/PADIA/endansys/dataset/training/Rana_dorada_peligro/42.jpg,rana dorada,1
C:/Users/Natalia/Desktop/PADIA/endansys/dataset/training/Rana_dorada_peligro/43.jpg,rana dorada,1
C:/Users/Natalia/Desktop/PADIA/endansys/dataset/training/Rana_dorada_peligro/44.jpg,rana dorada,1
C:/Users/Natalia/Desktop/PADIA/endansys/dataset/training/Rana_dorada_peligro/45.jpg,rana dorada,1
C:/Users/Natalia/Desktop/PADIA/endansys/dataset/training/Rana_dorada_peligro/49.jpg,rana dorada,1
C:/Users/Natalia/Desktop/PADIA/endansys/dataset/training/Rana_dorada_peligro/5.jpg,rana dorada,1
C:/Users/Natalia/Desktop/PADIA/endansys/dataset/training/Rana_dorada_peligro/50.jpg,rana dorada,1
C:/Users/Natalia/Desktop/PADIA/endansys/dataset/training/Rana_dorada_peligro/6.jpg,rana dorada,1
C:/Users/Natalia/Desktop/PADIA/endansys/dataset/training/Rana_dorada_peligro/8.jpg,rana dorada,1
C:/Users/Natalia/Desktop/PADIA/endansys/dataset/training/Rana_dorada_peligro/imagen_001.jpg,rana dorada,1
C:/Users/Natalia/Desktop/PADIA/endansys/dataset/training/Rana_dorada_peligro/imagen_002.jpg,rana dorada,1
C:/Users/Natalia/Desktop/PADIA/endansys/dataset/training/Rana_dorada_peligro/imagen_003.jpg,rana dorada,1
C:/Users/Natalia/Desktop/PADIA/endansys/dataset/training/Rana_dorada_peligro/imagen_004.jpg,rana dorada,1
C:/Users/Natalia/Desktop/PADIA/endansys/dataset/training/Rana_dorada_peligro/imagen_005.jpg,rana dorada,1
C:/Users/Natalia/Desktop/PADIA/endansys/dataset/training/Rana_dorada_peligro/imagen_006.jpg,rana dorada,1
C:/Users/Natalia/Desktop/PADIA/endansys/dataset/training/Rana_dorada_peligro/imagen_007.jpg,rana dorada,1
C:/Users/Natalia/Desktop/PADIA/endansys/dataset/training/Rana_dorada_peligro/imagen_008.jpg,rana dorada,1
C:/Users/Natalia/Desktop/PADIA/endansys/dataset/training/Rana_dorada_peligro/imagen_009.jpg,rana dorada,1
C:/Users/Natalia/Desktop/PADIA/endansys/dataset/training/Rana_dorada_peligro/imagen_010.jpg,rana dorada,1
C:/Users/Natalia/Desktop/PADIA/endansys/dataset/training/Rana_dorada_peligro/imagen_011.jpg,rana dorada,1
C:/Users/Natalia/Desktop/PADIA/endansys/dataset/training/Rana_dorada_peligro/imagen_012.jpg,rana dorada,1
C:/Users/Natalia/Desktop/PADIA/endansys/dataset/training/Rana_dorada_peligro/imagen_013.jpg,rana dorada,1
C:/Users/Natalia/Desktop/PADIA/endansys/dataset/training/Rana_dorada_peligro/imagen_014.jpg,rana dorada,1
C:/Users/Natalia/Desktop/PADIA/endansys/dataset/training/Rana_dorada_peligro/imagen_015.jpg,rana dorada,1
C:/Users/Natalia/Desktop/PADIA/endansys/dataset/training/Rana_dorada_peligro/imagen_016.jpg,rana dorada,1
C:/Users/Natalia/Desktop/PADIA/endansys/dataset/training/Rana_dorada_peligro/imagen_017.jpg,rana dorada,1
C:/Users/Natalia/Desktop/PADIA/endansys/dataset/training/Rana_dorada_peligro/imagen_018.jpg,rana dorada,1
C:/Users/Natalia/Desktop/PADIA/endansys/dataset/training/Rana_dorada_peligro/imagen_019.jpg,rana dorada,1
C:/Users/Natalia/Desktop/PADIA/endansys/dataset/training/Rana_dorada_peligro/imagen_020.jpg,rana dorada,1
C:/Users/Natalia/Desktop/PADIA/endansys/dataset/training/Rana_dorada_peligro/imagen_021.jpg,rana dorada,1
C:/Users/Natalia/Desktop/PADIA/endansys/dataset/training/Rana_dorada_peligro/imagen_022.jpg,rana dorada,1
C:/Users/Natalia/Desktop/PADIA/endansys/dataset/training/Rana_dorada_peligro/imagen_023.jpg,rana dorada,1
C:/Users/Natalia/Desktop/PADIA/endansys/dataset/training/Rana_dorada_peligro/imagen_024.jpg,rana dorada,1
C:/Users/Natalia/Desktop/PADIA/endansys/dataset/training/Rana_dorada_peligro/imagen_025.jpg,rana dorada,1
C:/Users/Natalia/Desktop/PADIA/endansys/dataset/training/Rana_dorada_peligro/imagen_026.jpg,rana dorada,1
C:/Users/Natalia/Desktop/PADIA/endansys/dataset/training/Rana_dorada_peligro/imagen_027.jpg,rana dorada,1
C:/Users/Natalia/Desktop/PADIA/endansys/dataset/training/Rana_dorada_peligro/imagen_028.jpg,rana dorada,1
C:/Users/Natalia/Desktop/PADIA/endansys/dataset/training/Rana_dorada_peligro/imagen_029.jpg,rana dorada,1
C:/Users/Natalia/Desktop/PADIA/endansys/dataset/training/Rana_dorada_peligro/imagen_030.jpg,rana dorada,1
C:/Users/Natalia/Desktop/PADIA/endansys/dataset/training/Rana_dorada_peligro/imagen_031.jpg,rana dorada,1
C:/Users/Natalia/Desktop/PADIA/endansys/dataset/training/Rana_venenosa_azul/1.jpg,rana venenosa azul,0
C:/Users/Natalia/Desktop/PADIA/endansys/dataset/training/Rana_venenosa_azul/12.jpg,rana venenosa azul,0
C:/Users/Natalia/Desktop/PADIA/endansys/dataset/training/Rana_venenosa_azul/14.jpg,rana venenosa azul,0
C:/Users/Natalia/Desktop/PADIA/endansys/dataset/training/Rana_venenosa_azul/15.jpg,rana venenosa azul,0
C:/Users/Natalia/Desktop/PADIA/endansys/dataset/training/Rana_venenosa_azul/17.jpg,rana venenosa azul,0
C:/Users/Natalia/Desktop/PADIA/endansys/dataset/training/Rana_venenosa_azul/2.jpg,rana venenosa azul,0
C:/Users/Natalia/Desktop/PADIA/endansys/dataset/training/Rana_venenosa_azul/20.jpg,rana venenosa azul,0
C:/Users/Natalia/Desktop/PADIA/endansys/dataset/training/Rana_venenosa_azul/22.jpg,rana venenosa azul,0
C:/Users/Natalia/Desktop/PADIA/endansys/dataset/training/Rana_venenosa_azul/3.jpg,rana venenosa azul,0
C:/Users/Natalia/Desktop/PADIA/endansys/dataset/training/Rana_venenosa_azul/32.jpg,rana venenosa azul,0
C:/Users/Natalia/Desktop/PADIA/endansys/dataset/training/Rana_venenosa_azul/34.jpg,rana venenosa azul,0
C:/Users/Natalia/Desktop/PADIA/endansys/dataset/training/Rana_venenosa_azul/35.jpg,rana venenosa azul,0
C:/Users/Natalia/Desktop/PADIA/endansys/dataset/training/Rana_venenosa_azul/37.jpg,rana venenosa azul,0
C:/Users/Natalia/Desktop/PADIA/endansys/dataset/training/Rana_venenosa_azul/39.jpg,rana venenosa azul,0
C:/Users/Natalia/Desktop/PADIA/endansys/dataset/training/Rana_venenosa_azul/4.jpg,rana venenosa azul,0
C:/Users/Natalia/Desktop/PADIA/endansys/dataset/training/Rana_venenosa_azul/41.jpg,rana venenosa azul,0
C:/Users/Natalia/Desktop/PADIA/endansys/dataset/training/Rana_venenosa_azul/42.jpg,rana venenosa azul,0
C:/Users/Natalia/Desktop/PADIA/endansys/dataset/training/Rana_venenosa_azul/43.jpg,rana venenosa azul,0
C:/Users/Natalia/Desktop/PADIA/endansys/dataset/training/Rana_venenosa_azul/47.jpg,rana venenosa azul,0
C:/Users/Natalia/Desktop/PADIA/endansys/dataset/training/Rana_venenosa_azul/6.jpg,rana venenosa azul,0
C:/Users/Natalia/Desktop/PADIA/endansys/dataset/training/Rana_venenosa_azul/8.jpg,rana venenosa azul,0
C:/Users/Natalia/Desktop/PADIA/endansys/dataset/training/Rana_venenosa_azul/imagen_001.jpg,rana venenosa azul,0
C:/Users/Natalia/Desktop/PADIA/endansys/dataset/training/Rana_venenosa_azul/imagen_002.jpg,rana venenosa azul,0
C:/Users/Natalia/Desktop/PADIA/endansys/dataset/training/Rana_venenosa_azul/imagen_003.jpg,rana venenosa azul,0
C:/Users/Natalia/Desktop/PADIA/endansys/dataset/training/Rana_venenosa_azul/imagen_004.jpg,rana venenosa azul,0
C:/Users/Natalia/Desktop/PADIA/endansys/dataset/training/Rana_venenosa_azul/imagen_005.jpg,rana venenosa azul,0
C:/Users/Natalia/Desktop/PADIA/endansys/dataset/training/Rana_venenosa_azul/imagen_006.jpg,rana venenosa azul,0
C:/Users/Natalia/Desktop/PADIA/endansys/dataset/training/Rana_venenosa_azul/imagen_007.jpg,rana venenosa azul,0
C:/Users/Natalia/Desktop/PADIA/endansys/dataset/training/Rana_venenosa_azul/imagen_008.jpg,rana venenosa azul,0
C:/Users/Natalia/Desktop/PADIA/endansys/dataset/training/Rana_venenosa_azul/imagen_009.jpg,rana venenosa azul,0
C:/Users/Natalia/Desktop/PADIA/endansys/dataset/training/Rana_venenosa_azul/imagen_010.jpg,rana venenosa azul,0
C:/Users/Natalia/Desktop/PADIA/endansys/dataset/training/Rana_venenosa_azul/imagen_011.jpg,rana venenosa azul,0
C:/Users/Natalia/Desktop/PADIA/endansys/dataset/training/Rana_venenosa_azul/imagen_012.jpg,rana venenosa azul,0
C:/Users/Natalia/Desktop/PADIA/endansys/dataset/training/Rana_venenosa_azul/imagen_013.jpg,rana venenosa azul,0
C:/Users/Natalia/Desktop/PADIA/endansys/dataset/training/Rana_venenosa_azul/imagen_014.jpg,rana venenosa azul,0
C:/Users/Natalia/Desktop/PADIA/endansys/dataset/training/Rana_venenosa_azul/imagen_015.jpg,rana venenosa azul,0
C:/Users/Natalia/Desktop/PADIA/endansys/dataset/training/Rana_venenosa_azul/imagen_016.jpg,rana venenosa azul,0
C:/Users/Natalia/Desktop/PADIA/endansys/dataset/training/Rana_venenosa_azul/imagen_017.jpg,rana venenosa azul,0
C:/Users/Natalia/Desktop/PADIA/endansys/dataset/training/Rana_venenosa_azul/imagen_018.jpg,rana venenosa azul,0
C:/Users/Natalia/Desktop/PADIA/endansys/dataset/training/Rana_venenosa_azul/imagen_019.jpg,rana venenosa azul,0
C:/Users/Natalia/Desktop/PADIA/endansys/dataset/training/Rana_venenosa_azul/imagen_020.jpg,rana venenosa azul,0
C:/Users/Natalia/Desktop/PADIA/endansys/dataset/training/Rana_venenosa_azul/imagen_021.jpg,rana venenosa azul,0
C:/Users/Natalia/Desktop/PADIA/endansys/dataset/training/Rana_venenosa_azul/imagen_022.jpg,rana venenosa azul,0
C:/Users/Natalia/Desktop/PADIA/endansys/dataset/training/Rana_venenosa_azul/imagen_023.jpg,rana venenosa azul,0
C:/Users/Natalia/Desktop/PADIA/endansys/dataset/training/Tapaculo/15.jpg,tapaculo,0
C:/Users/Natalia/Desktop/PADIA/endansys/dataset/training/Tapaculo/20.jpg,tapaculo,0
C:/Users/Natalia/Desktop/PADIA/endansys/dataset/training/Tapaculo/33.jpg,tapaculo,0
C:/Users/Natalia/Desktop/PADIA/endansys/dataset/training/Tapaculo/36.jpg,tapaculo,0
C:/Users/Natalia/Desktop/PADIA/endansys/dataset/training/Tapaculo/40.jpg,tapaculo,0
C:/Users/Natalia/Desktop/PADIA/endansys/dataset/training/Tapaculo/48.jpg,tapaculo,0
C:/Users/Natalia/Desktop/PADIA/endansys/dataset/training/Tapaculo/5.jpg,tapaculo,0
C:/Users/Natalia/Desktop/PADIA/endansys/dataset/training/Tapaculo/imagen_001.jpg,tapaculo,0
C:/Users/Natalia/Desktop/PADIA/endansys/dataset/training/Tapaculo/imagen_002.jpg,tapaculo,0
C:/Users/Natalia/Desktop/PADIA/endansys/dataset/training/Tapaculo/imagen_003.jpg,tapaculo,0
C:/Users/Natalia/Desktop/PADIA/endansys/dataset/training/Tapaculo/imagen_004.jpg,tapaculo,0
C:/Users/Natalia/Desktop/PADIA/endansys/dataset/training/Tapaculo/imagen_005.jpg,tapaculo,0
C:/Users/Natalia/Desktop/PADIA/endansys/dataset/training/Tapaculo/imagen_006.jpg,tapaculo,0
C:/Users/Natalia/Desktop/PADIA/endansys/dataset/training/Tapaculo/imagen_007.jpg,tapaculo,0
C:/Users/Natalia/Desktop/PADIA/endansys/dataset/training/Tapaculo/imagen_008.jpg,tapaculo,0
C:/Users/Natalia/Desktop/PADIA/endansys/dataset/training/Tapaculo/imagen_009.jpg,tapaculo,0
C:/Users/Natalia/Desktop/PADIA/endansys/dataset/training/Tapir_amazonico_peligro/10.jpg,tapir amazonico,1
C:/Users/Natalia/Desktop/PADIA/endansys/dataset/training/Tapir_amazonico_peligro/12.jpg,tapir amazonico,1
C:/Users/Natalia/Desktop/PADIA/endansys/dataset/training/Tapir_amazonico_peligro/15.jpg,tapir amazonico,1
C:/Users/Natalia/Desktop/PADIA/endansys/dataset/training/Tapir_amazonico_peligro/17.jpg,tapir amazonico,1
C:/Users/Natalia/Desktop/PADIA/endansys/dataset/training/Tapir_amazonico_peligro/2.jpg,tapir amazonico,1
C:/Users/Natalia/Desktop/PADIA/endansys/dataset/training/Tapir_amazonico_peligro/21.jpg,tapir amazonico,1
C:/Users/Natalia/Desktop/PADIA/endansys/dataset/training/Tapir_amazonico_peligro/22.jpg,tapir amazonico,1
C:/Users/Natalia/Desktop/PADIA/endansys/dataset/training/Tapir_amazonico_peligro/23.jpg,tapir amazonico,1
C:/Users/Natalia/Desktop/PADIA/endansys/dataset/training/Tapir_amazonico_peligro/24.jpg,tapir amazonico,1
C:/Users/Natalia/Desktop/PADIA/endansys/dataset/training/Tapir_amazonico_peligro/25.jpg,tapir amazonico,1
C:/Users/Natalia/Desktop/PADIA/endansys/dataset/training/Tapir_amazonico_peligro/26.jpg,tapir amazonico,1
C:/Users/Natalia/Desktop/PADIA/endansys/dataset/training/Tapir_amazonico_peligro/27.jpg,tapir amazonico,1
C:/Users/Natalia/Desktop/PADIA/endansys/dataset/training/Tapir_amazonico_peligro/29.jpg,tapir amazonico,1
C:/Users/Natalia/Desktop/PADIA/endansys/dataset/training/Tapir_amazonico_peligro/31.jpg,tapir amazonico,1
C:/Users/Natalia/Desktop/PADIA/endansys/dataset/training/Tapir_amazonico_peligro/32.jpg,tapir amazonico,1
C:/Users/Natalia/Desktop/PADIA/endansys/dataset/training/Tapir_amazonico_peligro/35.jpg,tapir amazonico,1
C:/Users/Natalia/Desktop/PADIA/endansys/dataset/training/Tapir_amazonico_peligro/36.jpg,tapir amazonico,1
C:/Users/Natalia/Desktop/PADIA/endansys/dataset/training/Tapir_amazonico_peligro/37.jpg,tapir amazonico,1
C:/Users/Natalia/Desktop/PADIA/endansys/dataset/training/Tapir_amazonico_peligro/4.jpg,tapir amazonico,1
C:/Users/Natalia/Desktop/PADIA/endansys/dataset/training/Tapir_amazonico_peligro/41.jpg,tapir amazonico,1
C:/Users/Natalia/Desktop/PADIA/endansys/dataset/training/Tapir_amazonico_peligro/42.jpg,tapir amazonico,1
C:/Users/Natalia/Desktop/PADIA/endansys/dataset/training/Tapir_amazonico_peligro/43.jpg,tapir amazonico,1
C:/Users/Natalia/Desktop/PADIA/endansys/dataset/training/Tapir_amazonico_peligro/44.jpg,tapir amazonico,1
C:/Users/Natalia/Desktop/PADIA/endansys/dataset/training/Tapir_amazonico_peligro/45.jpg,tapir amazonico,1
C:/Users/Natalia/Desktop/PADIA/endansys/dataset/training/Tapir_amazonico_peligro/46.jpg,tapir amazonico,1
C:/Users/Natalia/Desktop/PADIA/endansys/dataset/training/Tapir_amazonico_peligro/47.jpg,tapir amazonico,1
C:/Users/Natalia/Desktop/PADIA/endansys/dataset/training/Tapir_amazonico_peligro/48.jpg,tapir amazonico,1
C:/Users/Natalia/Desktop/PADIA/endansys/dataset/training/Tapir_amazonico_peligro/49.jpg,tapir amazonico,1
C:/Users/Natalia/Desktop/PADIA/endansys/dataset/training/Tapir_amazonico_peligro/5.jpg,tapir amazonico,1
C:/Users/Natalia/Desktop/PADIA/endansys/dataset/training/Tapir_amazonico_peligro/8.jpg,tapir amazonico,1
C:/Users/Natalia/Desktop/PADIA/endansys/dataset/training/Tapir_amazonico_peligro/9.jpg,tapir amazonico,1
C:/Users/Natalia/Desktop/PADIA/endansys/dataset/training/Tapir_amazonico_peligro/imagen_001.jpg,tapir amazonico,1
C:/Users/Natalia/Desktop/PADIA/endansys/dataset/training/Tapir_amazonico_peligro/imagen_002.jpg,tapir amazonico,1
C:/Users/Natalia/Desktop/PADIA/endansys/dataset/training/Tapir_amazonico_peligro/imagen_003.jpg,tapir amazonico,1
C:/Users/Natalia/Desktop/PADIA/endansys/dataset/training/Tapir_amazonico_peligro/imagen_004.jpg,tapir amazonico,1
C:/Users/Natalia/Desktop/PADIA/endansys/dataset/training/Tapir_amazonico_peligro/imagen_005.jpg,tapir amazonico,1
C:/Users/Natalia/Desktop/PADIA/endansys/dataset/training/Tapir_amazonico_peligro/imagen_006.jpg,tapir amazonico,1
C:/Users/Natalia/Desktop/PADIA/endansys/dataset/training/Tapir_amazonico_peligro/imagen_007.jpg,tapir amazonico,1
C:/Users/Natalia/Desktop/PADIA/endansys/dataset/training/Tapir_amazonico_peligro/imagen_008.jpg,tapir amazonico,1
C:/Users/Natalia/Desktop/PADIA/endansys/dataset/training/Tapir_amazonico_peligro/imagen_009.jpg,tapir amazonico,1
C:/Users/Natalia/Desktop/PADIA/endansys/dataset/training/Tapir_amazonico_peligro/imagen_010.jpg,tapir amazonico,1
C:/Users/Natalia/Desktop/PADIA/endansys/dataset/training/Tapir_amazonico_peligro/imagen_011.jpg,tapir amazonico,1
C:/Users/Natalia/Desktop/PADIA/endansys/dataset/training/Tapir_amazonico_peligro/imagen_012.jpg,tapir amazonico,1
C:/Users/Natalia/Desktop/PADIA/endansys/dataset/training/Tapir_amazonico_peligro/imagen_013.jpg,tapir amazonico,1
C:/Users/Natalia/Desktop/PADIA/endansys/dataset/training/Tapir_amazonico_peligro/imagen_014.jpg,tapir amazonico,1
C:/Users/Natalia/Desktop/PADIA/endansys/dataset/training/Tapir_amazonico_peligro/imagen_015.jpg,tapir amazonico,1
C:/Users/Natalia/Desktop/PADIA/endansys/dataset/training/Tapir_amazonico_peligro/imagen_016.jpg,tapir amazonico,1
C:/Users/Natalia/Desktop/PADIA/endansys/dataset/training/Tapir_amazonico_peligro/imagen_017.jpg,tapir amazonico,1
C:/Users/Natalia/Desktop/PADIA/endansys/dataset/training/Tapir_amazonico_peligro/imagen_018.jpg,tapir amazonico,1
C:/Users/Natalia/Desktop/PADIA/endansys/dataset/training/Tapir_amazonico_peligro/imagen_019.jpg,tapir amazonico,1
C:/Users/Natalia/Desktop/PADIA/endansys/dataset/training/Tapir_amazonico_peligro/imagen_020.jpg,tapir amazonico,1
C:/Users/Natalia/Desktop/PADIA/endansys/dataset/training/Tapir_amazonico_peligro/imagen_021.jpg,tapir amazonico,1
C:/Users/Natalia/Desktop/PADIA/endansys/dataset/training/Tapir_amazonico_peligro/imagen_022.jpg,tapir amazonico,1
C:/Users/Natalia/Desktop/PADIA/endansys/dataset/training/Tapir_amazonico_peligro/imagen_024.jpg,tapir amazonico,1
C:/Users/Natalia/Desktop/PADIA/endansys/dataset/training/Tapir_amazonico_peligro/imagen_025.jpg,tapir amazonico,1
C:/Users/Natalia/Desktop/PADIA/endansys/dataset/training/Tapir_amazonico_peligro/imagen_026.jpg,tapir amazonico,1
C:/Users/Natalia/Desktop/PADIA/endansys/dataset/training/Tapir_amazonico_peligro/imagen_027.jpg,tapir amazonico,1
C:/Users/Natalia/Desktop/PADIA/endansys/dataset/training/Tapir_amazonico_peligro/imagen_028.jpg,tapir amazonico,1
C:/Users/Natalia/Desktop/PADIA/endansys/dataset/training/Tapir_amazonico_peligro/imagen_029.jpg,tapir amazonico,1
C:/Users/Natalia/Desktop/PADIA/endansys/dataset/training/Tigrillo_peligro/1.jpg,tigrillo,1
C:/Users/Natalia/Desktop/PADIA/endansys/dataset/training/Tigrillo_peligro/10.jpg,tigrillo,1
C:/Users/Natalia/Desktop/PADIA/endansys/dataset/training/Tigrillo_peligro/11.jpg,tigrillo,1
C:/Users/Natalia/Desktop/PADIA/endansys/dataset/training/Tigrillo_peligro/12.jpg,tigrillo,1
C:/Users/Natalia/Desktop/PADIA/endansys/dataset/training/Tigrillo_peligro/15.jpg,tigrillo,1
C:/Users/Natalia/Desktop/PADIA/endansys/dataset/training/Tigrillo_peligro/16.jpg,tigrillo,1
C:/Users/Natalia/Desktop/PADIA/endansys/dataset/training/Tigrillo_peligro/20.jpg,tigrillo,1
C:/Users/Natalia/Desktop/PADIA/endansys/dataset/training/Tigrillo_peligro/23.jpg,tigrillo,1
C:/Users/Natalia/Desktop/PADIA/endansys/dataset/training/Tigrillo_peligro/24.jpg,tigrillo,1
C:/Users/Natalia/Desktop/PADIA/endansys/dataset/training/Tigrillo_peligro/25.jpg,tigrillo,1
C:/Users/Natalia/Desktop/PADIA/endansys/dataset/training/Tigrillo_peligro/28.jpg,tigrillo,1
C:/Users/Natalia/Desktop/PADIA/endansys/dataset/training/Tigrillo_peligro/29.jpg,tigrillo,1
C:/Users/Natalia/Desktop/PADIA/endansys/dataset/training/Tigrillo_peligro/3.jpg,tigrillo,1
C:/Users/Natalia/Desktop/PADIA/endansys/dataset/training/Tigrillo_peligro/31.jpg,tigrillo,1
C:/Users/Natalia/Desktop/PADIA/endansys/dataset/training/Tigrillo_peligro/33.jpg,tigrillo,1
C:/Users/Natalia/Desktop/PADIA/endansys/dataset/training/Tigrillo_peligro/35.jpg,tigrillo,1
C:/Users/Natalia/Desktop/PADIA/endansys/dataset/training/Tigrillo_peligro/37.jpg,tigrillo,1
C:/Users/Natalia/Desktop/PADIA/endansys/dataset/training/Tigrillo_peligro/38.jpg,tigrillo,1
C:/Users/Natalia/Desktop/PADIA/endansys/dataset/training/Tigrillo_peligro/4.jpg,tigrillo,1
C:/Users/Natalia/Desktop/PADIA/endansys/dataset/training/Tigrillo_peligro/40.jpg,tigrillo,1
C:/Users/Natalia/Desktop/PADIA/endansys/dataset/training/Tigrillo_peligro/41.jpg,tigrillo,1
C:/Users/Natalia/Desktop/PADIA/endansys/dataset/training/Tigrillo_peligro/46.jpg,tigrillo,1
C:/Users/Natalia/Desktop/PADIA/endansys/dataset/training/Tigrillo_peligro/47.jpg,tigrillo,1
C:/Users/Natalia/Desktop/PADIA/endansys/dataset/training/Tigrillo_peligro/48.jpg,tigrillo,1
C:/Users/Natalia/Desktop/PADIA/endansys/dataset/training/Tigrillo_peligro/5.jpg,tigrillo,1
C:/Users/Natalia/Desktop/PADIA/endansys/dataset/training/Tigrillo_peligro/6.jpg,tigrillo,1
C:/Users/Natalia/Desktop/PADIA/endansys/dataset/training/Tigrillo_peligro/8.jpg,tigrillo,1
C:/Users/Natalia/Desktop/PADIA/endansys/dataset/training/Tigrillo_peligro/imagen_001.jpg,tigrillo,1
C:/Users/Natalia/Desktop/PADIA/endansys/dataset/training/Tigrillo_peligro/imagen_002.jpg,tigrillo,1
C:/Users/Natalia/Desktop/PADIA/endansys/dataset/training/Tigrillo_peligro/imagen_003.jpg,tigrillo,1
C:/Users/Natalia/Desktop/PADIA/endansys/dataset/training/Tigrillo_peligro/imagen_004.jpg,tigrillo,1
C:/Users/Natalia/Desktop/PADIA/endansys/dataset/training/Tigrillo_peligro/imagen_005.jpg,tigrillo,1
C:/Users/Natalia/Desktop/PADIA/endansys/dataset/training/Tigrillo_peligro/imagen_006.jpg,tigrillo,1
C:/Users/Natalia/Desktop/PADIA/endansys/dataset/training/Tigrillo_peligro/imagen_007.jpg,tigrillo,1
C:/Users/Natalia/Desktop/PADIA/endansys/dataset/training/Tigrillo_peligro/imagen_008.jpg,tigrillo,1
C:/Users/Natalia/Desktop/PADIA/endansys/dataset/training/Tigrillo_peligro/imagen_009.jpg,tigrillo,1
C:/Users/Natalia/Desktop/PADIA/endansys/dataset/training/Tigrillo_peligro/imagen_010.jpg,tigrillo,1
C:/Users/Natalia/Desktop/PADIA/endansys/dataset/training/Tigrillo_peligro/imagen_011.jpg,tigrillo,1
C:/Users/Natalia/Desktop/PADIA/endansys/dataset/training/Tigrillo_peligro/imagen_012.jpg,tigrillo,1
C:/Users/Natalia/Desktop/PADIA/endansys/dataset/training/Tigrillo_peligro/imagen_013.jpg,tigrillo,1
C:/Users/Natalia/Desktop/PADIA/endansys/dataset/training/Tigrillo_peligro/imagen_014.jpg,tigrillo,1
C:/Users/Natalia/Desktop/PADIA/endansys/dataset/training/Tigrillo_peligro/imagen_015.jpg,tigrillo,1
C:/Users/Natalia/Desktop/PADIA/endansys/dataset/training/Tigrillo_peligro/imagen_016.jpg,tigrillo,1
C:/Users/Natalia/Desktop/PADIA/endansys/dataset/training/Tigrillo_peligro/imagen_017.jpg,tigrillo,1
C:/Users/Natalia/Desktop/PADIA/endansys/dataset/training/Tigrillo_peligro/imagen_018.jpg,tigrillo,1
C:/Users/Natalia/Desktop/PADIA/endansys/dataset/training/Tigrillo_peligro/imagen_019.jpg,tigrillo,1
C:/Users/Natalia/Desktop/PADIA/endansys/dataset/training/Tigrillo_peligro/imagen_020.jpg,tigrillo,1
C:/Users/Natalia/Desktop/PADIA/endansys/dataset/training/Tigrillo_peligro/imagen_021.jpg,tigrillo,1
C:/Users/Natalia/Desktop/PADIA/endansys/dataset/training/Tigrillo_peligro/imagen_022.jpg,tigrillo,1
C:/Users/Natalia/Desktop/PADIA/endansys/dataset/training/Tigrillo_peligro/imagen_023.jpg,tigrillo,1
C:/Users/Natalia/Desktop/PADIA/endansys/dataset/training/Tigrillo_peligro/imagen_024.jpg,tigrillo,1
C:/Users/Natalia/Desktop/PADIA/endansys/dataset/training/Tigrillo_peligro/imagen_025.jpg,tigrillo,1
C:/Users/Natalia/Desktop/PADIA/endansys/dataset/training/Tigrillo_peligro/imagen_026.jpg,tigrillo,1
C:/Users/Natalia/Desktop/PADIA/endansys/dataset/training/Tigrillo_peligro/imagen_027.jpg,tigrillo,1
C:/Users/Natalia/Desktop/PADIA/endansys/dataset/training/Tigrillo_peligro/imagen_028.jpg,tigrillo,1
C:/Users/Natalia/Desktop/PADIA/endansys/dataset/training/Tigrillo_peligro/imagen_029.jpg,tigrillo,1
C:/Users/Natalia/Desktop/PADIA/endansys/dataset/training/Tinamu/1.jpg,tinamu,0
C:/Users/Natalia/Desktop/PADIA/endansys/dataset/training/Tinamu/13.jpg,tinamu,0
C:/Users/Natalia/Desktop/PADIA/endansys/dataset/training/Tinamu/15.jpg,tinamu,0
C:/Users/Natalia/Desktop/PADIA/endansys/dataset/training/Tinamu/17.jpg,tinamu,0
C:/Users/Natalia/Desktop/PADIA/endansys/dataset/training/Tinamu/2.jpg,tinamu,0
C:/Users/Natalia/Desktop/PADIA/endansys/dataset/training/Tinamu/22.jpg,tinamu,0
C:/Users/Natalia/Desktop/PADIA/endansys/dataset/training/Tinamu/27.jpg,tinamu,0
C:/Users/Natalia/Desktop/PADIA/endansys/dataset/training/Tinamu/33.jpg,tinamu,0
C:/Users/Natalia/Desktop/PADIA/endansys/dataset/training/Tinamu/38.jpg,tinamu,0
C:/Users/Natalia/Desktop/PADIA/endansys/dataset/training/Tinamu/40.jpg,tinamu,0
C:/Users/Natalia/Desktop/PADIA/endansys/dataset/training/Tinamu/43.jpg,tinamu,0
C:/Users/Natalia/Desktop/PADIA/endansys/dataset/training/Tinamu/imagen_001.jpg,tinamu,0
C:/Users/Natalia/Desktop/PADIA/endansys/dataset/training/Tinamu/imagen_002.jpg,tinamu,0
C:/Users/Natalia/Desktop/PADIA/endansys/dataset/training/Tinamu/imagen_003.jpg,tinamu,0
C:/Users/Natalia/Desktop/PADIA/endansys/dataset/training/Tinamu/imagen_004.jpg,tinamu,0
C:/Users/Natalia/Desktop/PADIA/endansys/dataset/training/Tinamu/imagen_005.jpg,tinamu,0
C:/Users/Natalia/Desktop/PADIA/endansys/dataset/training/Tinamu/imagen_006.jpg,tinamu,0
C:/Users/Natalia/Desktop/PADIA/endansys/dataset/training/Tinamu/imagen_007.jpg,tinamu,0
C:/Users/Natalia/Desktop/PADIA/endansys/dataset/training/Tinamu/imagen_008.jpg,tinamu,0
C:/Users/Natalia/Desktop/PADIA/endansys/dataset/training/Tinamu/imagen_009.jpg,tinamu,0
C:/Users/Natalia/Desktop/PADIA/endansys/dataset/training/Tinamu/imagen_010.jpg,tinamu,0
C:/Users/Natalia/Desktop/PADIA/endansys/dataset/training/Tinamu/imagen_011.jpg,tinamu,0
C:/Users/Natalia/Desktop/PADIA/endansys/dataset/training/Tinamu/imagen_012.jpg,tinamu,0
C:/Users/Natalia/Desktop/PADIA/endansys/dataset/training/Tinamu/imagen_013.jpg,tinamu,0
C:/Users/Natalia/Desktop/PADIA/endansys/dataset/training/Tinamu/imagen_014.jpg,tinamu,0
C:/Users/Natalia/Desktop/PADIA/endansys/dataset/training/Tinamu/imagen_015.jpg,tinamu,0
C:/Users/Natalia/Desktop/PADIA/endansys/dataset/training/Tinamu/imagen_016.jpg,tinamu,0
C:/Users/Natalia/Desktop/PADIA/endansys/dataset/training/Tinamu/imagen_017.jpg,tinamu,0
C:/Users/Natalia/Desktop/PADIA/endansys/dataset/training/Tinamu/imagen_018.jpg,tinamu,0
C:/Users/Natalia/Desktop/PADIA/endansys/dataset/training/Tinamu/imagen_019.jpg,tinamu,0
C:/Users/Natalia/Desktop/PADIA/endansys/dataset/training/Titi_cabeciblanco/1.jpg,titi cabeciblanco,0
C:/Users/Natalia/Desktop/PADIA/endansys/dataset/training/Titi_cabeciblanco/10.jpg,titi cabeciblanco,0
C:/Users/Natalia/Desktop/PADIA/endansys/dataset/training/Titi_cabeciblanco/11.jpg,titi cabeciblanco,0
C:/Users/Natalia/Desktop/PADIA/endansys/dataset/training/Titi_cabeciblanco/14.jpg,titi cabeciblanco,0
C:/Users/Natalia/Desktop/PADIA/endansys/dataset/training/Titi_cabeciblanco/16.jpg,titi cabeciblanco,0
C:/Users/Natalia/Desktop/PADIA/endansys/dataset/training/Titi_cabeciblanco/17.jpg,titi cabeciblanco,0
C:/Users/Natalia/Desktop/PADIA/endansys/dataset/training/Titi_cabeciblanco/18.jpg,titi cabeciblanco,0
C:/Users/Natalia/Desktop/PADIA/endansys/dataset/training/Titi_cabeciblanco/19.jpg,titi cabeciblanco,0
C:/Users/Natalia/Desktop/PADIA/endansys/dataset/training/Titi_cabeciblanco/22.jpg,titi cabeciblanco,0
C:/Users/Natalia/Desktop/PADIA/endansys/dataset/training/Titi_cabeciblanco/25.jpg,titi cabeciblanco,0
C:/Users/Natalia/Desktop/PADIA/endansys/dataset/training/Titi_cabeciblanco/27.jpg,titi cabeciblanco,0
C:/Users/Natalia/Desktop/PADIA/endansys/dataset/training/Titi_cabeciblanco/28.jpg,titi cabeciblanco,0
C:/Users/Natalia/Desktop/PADIA/endansys/dataset/training/Titi_cabeciblanco/29.jpg,titi cabeciblanco,0
C:/Users/Natalia/Desktop/PADIA/endansys/dataset/training/Titi_cabeciblanco/3.jpg,titi cabeciblanco,0
C:/Users/Natalia/Desktop/PADIA/endansys/dataset/training/Titi_cabeciblanco/35.jpg,titi cabeciblanco,0
C:/Users/Natalia/Desktop/PADIA/endansys/dataset/training/Titi_cabeciblanco/36.jpg,titi cabeciblanco,0
C:/Users/Natalia/Desktop/PADIA/endansys/dataset/training/Titi_cabeciblanco/37.jpg,titi cabeciblanco,0
C:/Users/Natalia/Desktop/PADIA/endansys/dataset/training/Titi_cabeciblanco/38.jpg,titi cabeciblanco,0
C:/Users/Natalia/Desktop/PADIA/endansys/dataset/training/Titi_cabeciblanco/39.jpg,titi cabeciblanco,0
C:/Users/Natalia/Desktop/PADIA/endansys/dataset/training/Titi_cabeciblanco/4.jpg,titi cabeciblanco,0
C:/Users/Natalia/Desktop/PADIA/endansys/dataset/training/Titi_cabeciblanco/42.jpg,titi cabeciblanco,0
C:/Users/Natalia/Desktop/PADIA/endansys/dataset/training/Titi_cabeciblanco/43.jpg,titi cabeciblanco,0
C:/Users/Natalia/Desktop/PADIA/endansys/dataset/training/Titi_cabeciblanco/45.jpg,titi cabeciblanco,0
C:/Users/Natalia/Desktop/PADIA/endansys/dataset/training/Titi_cabeciblanco/46.jpg,titi cabeciblanco,0
C:/Users/Natalia/Desktop/PADIA/endansys/dataset/training/Titi_cabeciblanco/47.jpg,titi cabeciblanco,0
C:/Users/Natalia/Desktop/PADIA/endansys/dataset/training/Titi_cabeciblanco/50.jpg,titi cabeciblanco,0
C:/Users/Natalia/Desktop/PADIA/endansys/dataset/training/Titi_cabeciblanco/8.jpg,titi cabeciblanco,0
C:/Users/Natalia/Desktop/PADIA/endansys/dataset/training/Titi_cabeciblanco/9.jpg,titi cabeciblanco,0
C:/Users/Natalia/Desktop/PADIA/endansys/dataset/training/Titi_cabeciblanco/imagen_001.jpg,titi cabeciblanco,0
C:/Users/Natalia/Desktop/PADIA/endansys/dataset/training/Titi_cabeciblanco/imagen_002.jpg,titi cabeciblanco,0
C:/Users/Natalia/Desktop/PADIA/endansys/dataset/training/Titi_cabeciblanco/imagen_003.jpg,titi cabeciblanco,0
C:/Users/Natalia/Desktop/PADIA/endansys/dataset/training/Titi_cabeciblanco/imagen_004.jpg,titi cabeciblanco,0
C:/Users/Natalia/Desktop/PADIA/endansys/dataset/training/Titi_cabeciblanco/imagen_005.jpg,titi cabeciblanco,0
C:/Users/Natalia/Desktop/PADIA/endansys/dataset/training/Titi_cabeciblanco/imagen_006.jpg,titi cabeciblanco,0
C:/Users/Natalia/Desktop/PADIA/endansys/dataset/training/Titi_cabeciblanco/imagen_007.jpg,titi cabeciblanco,0
C:/Users/Natalia/Desktop/PADIA/endansys/dataset/training/Titi_cabeciblanco/imagen_008.jpg,titi cabeciblanco,0
C:/Users/Natalia/Desktop/PADIA/endansys/dataset/training/Titi_cabeciblanco/imagen_009.jpg,titi cabeciblanco,0
C:/Users/Natalia/Desktop/PADIA/endansys/dataset/training/Titi_cabeciblanco/imagen_010.jpg,titi cabeciblanco,0
C:/Users/Natalia/Desktop/PADIA/endansys/dataset/training/Titi_cabeciblanco/imagen_011.jpg,titi cabeciblanco,0
C:/Users/Natalia/Desktop/PADIA/endansys/dataset/training/Titi_cabeciblanco/imagen_012.jpg,titi cabeciblanco,0
C:/Users/Natalia/Desktop/PADIA/endansys/dataset/training/Titi_cabeciblanco/imagen_013.jpg,titi cabeciblanco,0
C:/Users/Natalia/Desktop/PADIA/endansys/dataset/training/Titi_cabeciblanco/imagen_014.jpg,titi cabeciblanco,0
C:/Users/Natalia/Desktop/PADIA/endansys/dataset/training/Titi_cabeciblanco/imagen_015.jpg,titi cabeciblanco,0
C:/Users/Natalia/Desktop/PADIA/endansys/dataset/training/Titi_cabeciblanco/imagen_016.jpg,titi cabeciblanco,0
C:/Users/Natalia/Desktop/PADIA/endansys/dataset/training/Titi_cabeciblanco/imagen_017.jpg,titi cabeciblanco,0
C:/Users/Natalia/Desktop/PADIA/endansys/dataset/training/Titi_cabeciblanco/imagen_018.jpg,titi cabeciblanco,0
C:/Users/Natalia/Desktop/PADIA/endansys/dataset/training/Titi_cabeciblanco/imagen_019.jpg,titi cabeciblanco,0
C:/Users/Natalia/Desktop/PADIA/endansys/dataset/training/Titi_cabeciblanco/imagen_020.jpg,titi cabeciblanco,0
C:/Users/Natalia/Desktop/PADIA/endansys/dataset/training/Titi_cabeciblanco/imagen_021.jpg,titi cabeciblanco,0
C:/Users/Natalia/Desktop/PADIA/endansys/dataset/training/Titi_cabeciblanco/imagen_022.jpg,titi cabeciblanco,0
C:/Users/Natalia/Desktop/PADIA/endansys/dataset/training/Titi_cabeciblanco/imagen_023.jpg,titi cabeciblanco,0
C:/Users/Natalia/Desktop/PADIA/endansys/dataset/training/Titi_cabeciblanco/imagen_024.jpg,titi cabeciblanco,0
C:/Users/Natalia/Desktop/PADIA/endansys/dataset/training/Titi_cabeciblanco/imagen_025.jpg,titi cabeciblanco,0
C:/Users/Natalia/Desktop/PADIA/endansys/dataset/training/Titi_cabeciblanco/imagen_026.jpg,titi cabeciblanco,0
C:/Users/Natalia/Desktop/PADIA/endansys/dataset/training/Titi_cabeciblanco/imagen_027.jpg,titi cabeciblanco,0
C:/Users/Natalia/Desktop/PADIA/endansys/dataset/training/Titi_cabeciblanco/imagen_028.jpg,titi cabeciblanco,0
C:/Users/Natalia/Desktop/PADIA/endansys/dataset/training/Tortuga_charapa_peligro/1.jpg,tortuga charapa,1
C:/Users/Natalia/Desktop/PADIA/endansys/dataset/training/Tortuga_charapa_peligro/11.jpg,tortuga charapa,1
C:/Users/Natalia/Desktop/PADIA/endansys/dataset/training/Tortuga_charapa_peligro/13.jpg,tortuga charapa,1
C:/Users/Natalia/Desktop/PADIA/endansys/dataset/training/Tortuga_charapa_peligro/17.jpg,tortuga charapa,1
C:/Users/Natalia/Desktop/PADIA/endansys/dataset/training/Tortuga_charapa_peligro/18.jpg,tortuga charapa,1
C:/Users/Natalia/Desktop/PADIA/endansys/dataset/training/Tortuga_charapa_peligro/19.jpg,tortuga charapa,1
C:/Users/Natalia/Desktop/PADIA/endansys/dataset/training/Tortuga_charapa_peligro/2.jpg,tortuga charapa,1
C:/Users/Natalia/Desktop/PADIA/endansys/dataset/training/Tortuga_charapa_peligro/24.jpg,tortuga charapa,1
C:/Users/Natalia/Desktop/PADIA/endansys/dataset/training/Tortuga_charapa_peligro/25.jpg,tortuga charapa,1
C:/Users/Natalia/Desktop/PADIA/endansys/dataset/training/Tortuga_charapa_peligro/27.jpg,tortuga charapa,1
C:/Users/Natalia/Desktop/PADIA/endansys/dataset/training/Tortuga_charapa_peligro/29.jpg,tortuga charapa,1
C:/Users/Natalia/Desktop/PADIA/endansys/dataset/training/Tortuga_charapa_peligro/30.jpg,tortuga charapa,1
C:/Users/Natalia/Desktop/PADIA/endansys/dataset/training/Tortuga_charapa_peligro/35.jpg,tortuga charapa,1
C:/Users/Natalia/Desktop/PADIA/endansys/dataset/training/Tortuga_charapa_peligro/36.jpg,tortuga charapa,1
C:/Users/Natalia/Desktop/PADIA/endansys/dataset/training/Tortuga_charapa_peligro/37.jpg,tortuga charapa,1
C:/Users/Natalia/Desktop/PADIA/endansys/dataset/training/Tortuga_charapa_peligro/38.jpg,tortuga charapa,1
C:/Users/Natalia/Desktop/PADIA/endansys/dataset/training/Tortuga_charapa_peligro/39.jpg,tortuga charapa,1
C:/Users/Natalia/Desktop/PADIA/endansys/dataset/training/Tortuga_charapa_peligro/40.jpg,tortuga charapa,1
C:/Users/Natalia/Desktop/PADIA/endansys/dataset/training/Tortuga_charapa_peligro/41.jpg,tortuga charapa,1
C:/Users/Natalia/Desktop/PADIA/endansys/dataset/training/Tortuga_charapa_peligro/45.jpg,tortuga charapa,1
C:/Users/Natalia/Desktop/PADIA/endansys/dataset/training/Tortuga_charapa_peligro/5.jpg,tortuga charapa,1
C:/Users/Natalia/Desktop/PADIA/endansys/dataset/training/Tortuga_charapa_peligro/6.jpg,tortuga charapa,1
C:/Users/Natalia/Desktop/PADIA/endansys/dataset/training/Tortuga_charapa_peligro/8.jpg,tortuga charapa,1
C:/Users/Natalia/Desktop/PADIA/endansys/dataset/training/Tortuga_charapa_peligro/9.jpg,tortuga charapa,1
C:/Users/Natalia/Desktop/PADIA/endansys/dataset/training/Tortuga_charapa_peligro/imagen_001.jpg,tortuga charapa,1
C:/Users/Natalia/Desktop/PADIA/endansys/dataset/training/Tortuga_charapa_peligro/imagen_002.jpg,tortuga charapa,1
C:/Users/Natalia/Desktop/PADIA/endansys/dataset/training/Tortuga_charapa_peligro/imagen_003.jpg,tortuga charapa,1
C:/Users/Natalia/Desktop/PADIA/endansys/dataset/training/Tortuga_charapa_peligro/imagen_004.jpg,tortuga charapa,1
C:/Users/Natalia/Desktop/PADIA/endansys/dataset/training/Tortuga_charapa_peligro/imagen_005.jpg,tortuga charapa,1
C:/Users/Natalia/Desktop/PADIA/endansys/dataset/training/Tortuga_charapa_peligro/imagen_006.jpg,tortuga charapa,1
C:/Users/Natalia/Desktop/PADIA/endansys/dataset/training/Tortuga_charapa_peligro/imagen_007.jpg,tortuga charapa,1
C:/Users/Natalia/Desktop/PADIA/endansys/dataset/training/Tortuga_charapa_peligro/imagen_008.jpg,tortuga charapa,1
C:/Users/Natalia/Desktop/PADIA/endansys/dataset/training/Tortuga_charapa_peligro/imagen_009.jpg,tortuga charapa,1
C:/Users/Natalia/Desktop/PADIA/endansys/dataset/training/Tortuga_charapa_peligro/imagen_010.jpg,tortuga charapa,1
C:/Users/Natalia/Desktop/PADIA/endansys/dataset/training/Tortuga_charapa_peligro/imagen_011.jpg,tortuga charapa,1
C:/Users/Natalia/Desktop/PADIA/endansys/dataset/training/Tortuga_charapa_peligro/imagen_012.jpg,tortuga charapa,1
C:/Users/Natalia/Desktop/PADIA/endansys/dataset/training/Tortuga_charapa_peligro/imagen_013.jpg,tortuga charapa,1
C:/Users/Natalia/Desktop/PADIA/endansys/dataset/training/Tortuga_charapa_peligro/imagen_014.jpg,tortuga charapa,1
C:/Users/Natalia/Desktop/PADIA/endansys/dataset/training/Tortuga_charapa_peligro/imagen_015.jpg,tortuga charapa,1
C:/Users/Natalia/Desktop/PADIA/endansys/dataset/training/Tortuga_charapa_peligro/imagen_016.jpg,tortuga charapa,1
C:/Users/Natalia/Desktop/PADIA/endansys/dataset/training/Tortuga_charapa_peligro/imagen_017.jpg,tortuga charapa,1
C:/Users/Natalia/Desktop/PADIA/endansys/dataset/training/Tortuga_charapa_peligro/imagen_018.jpg,tortuga charapa,1
C:/Users/Natalia/Desktop/PADIA/endansys/dataset/training/Tortuga_charapa_peligro/imagen_019.jpg,tortuga charapa,1
C:/Users/Natalia/Desktop/PADIA/endansys/dataset/training/Tortuga_charapa_peligro/imagen_020.jpg,tortuga charapa,1
C:/Users/Natalia/Desktop/PADIA/endansys/dataset/training/Tortuga_charapa_peligro/imagen_021.jpg,tortuga charapa,1
C:/Users/Natalia/Desktop/PADIA/endansys/dataset/training/Tortuga_charapa_peligro/imagen_022.jpg,tortuga charapa,1
C:/Users/Natalia/Desktop/PADIA/endansys/dataset/training/Tortuga_charapa_peligro/imagen_023.jpg,tortuga charapa,1
C:/Users/Natalia/Desktop/PADIA/endansys/dataset/training/Tortuga_charapa_peligro/imagen_024.jpg,tortuga charapa,1
C:/Users/Natalia/Desktop/PADIA/endansys/dataset/training/Tortuga_charapa_peligro/imagen_025.jpg,tortuga charapa,1
C:/Users/Natalia/Desktop/PADIA/endansys/dataset/training/Tortuga_charapa_peligro/imagen_026.jpg,tortuga charapa,1
C:/Users/Natalia/Desktop/PADIA/endansys/dataset/training/Tortuga_charapa_peligro/imagen_027.jpg,tortuga charapa,1
C:/Users/Natalia/Desktop/PADIA/endansys/dataset/training/Tortuga_charapa_peligro/imagen_028.jpg,tortuga charapa,1
C:/Users/Natalia/Desktop/PADIA/endansys/dataset/training/Tucan_toco/10.jpg,tucan toco,0
C:/Users/Natalia/Desktop/PADIA/endansys/dataset/training/Tucan_toco/11.jpg,tucan toco,0
C:/Users/Natalia/Desktop/PADIA/endansys/dataset/training/Tucan_toco/12.jpg,tucan toco,0
C:/Users/Natalia/Desktop/PADIA/endansys/dataset/training/Tucan_toco/14.jpg,tucan toco,0
C:/Users/Natalia/Desktop/PADIA/endansys/dataset/training/Tucan_toco/15.jpg,tucan toco,0
C:/Users/Natalia/Desktop/PADIA/endansys/dataset/training/Tucan_toco/16.jpg,tucan toco,0
C:/Users/Natalia/Desktop/PADIA/endansys/dataset/training/Tucan_toco/17.jpg,tucan toco,0
C:/Users/Natalia/Desktop/PADIA/endansys/dataset/training/Tucan_toco/18.jpg,tucan toco,0
C:/Users/Natalia/Desktop/PADIA/endansys/dataset/training/Tucan_toco/19.jpg,tucan toco,0
C:/Users/Natalia/Desktop/PADIA/endansys/dataset/training/Tucan_toco/2.jpg,tucan toco,0
C:/Users/Natalia/Desktop/PADIA/endansys/dataset/training/Tucan_toco/22.jpg,tucan toco,0
C:/Users/Natalia/Desktop/PADIA/endansys/dataset/training/Tucan_toco/23.jpg,tucan toco,0
C:/Users/Natalia/Desktop/PADIA/endansys/dataset/training/Tucan_toco/25.jpg,tucan toco,0
C:/Users/Natalia/Desktop/PADIA/endansys/dataset/training/Tucan_toco/28.jpg,tucan toco,0
C:/Users/Natalia/Desktop/PADIA/endansys/dataset/training/Tucan_toco/31.jpg,tucan toco,0
C:/Users/Natalia/Desktop/PADIA/endansys/dataset/training/Tucan_toco/34.jpg,tucan toco,0
C:/Users/Natalia/Desktop/PADIA/endansys/dataset/training/Tucan_toco/35.jpg,tucan toco,0
C:/Users/Natalia/Desktop/PADIA/endansys/dataset/training/Tucan_toco/4.jpg,tucan toco,0
C:/Users/Natalia/Desktop/PADIA/endansys/dataset/training/Tucan_toco/40.jpg,tucan toco,0
C:/Users/Natalia/Desktop/PADIA/endansys/dataset/training/Tucan_toco/43.jpg,tucan toco,0
C:/Users/Natalia/Desktop/PADIA/endansys/dataset/training/Tucan_toco/44.jpg,tucan toco,0
C:/Users/Natalia/Desktop/PADIA/endansys/dataset/training/Tucan_toco/46.jpg,tucan toco,0
C:/Users/Natalia/Desktop/PADIA/endansys/dataset/training/Tucan_toco/47.jpg,tucan toco,0
C:/Users/Natalia/Desktop/PADIA/endansys/dataset/training/Tucan_toco/48.jpg,tucan toco,0
C:/Users/Natalia/Desktop/PADIA/endansys/dataset/training/Tucan_toco/49.jpg,tucan toco,0
C:/Users/Natalia/Desktop/PADIA/endansys/dataset/training/Tucan_toco/50.jpg,tucan toco,0
C:/Users/Natalia/Desktop/PADIA/endansys/dataset/training/Tucan_toco/6.jpg,tucan toco,0
C:/Users/Natalia/Desktop/PADIA/endansys/dataset/training/Tucan_toco/7.jpg,tucan toco,0
C:/Users/Natalia/Desktop/PADIA/endansys/dataset/training/Tucan_toco/8.jpg,tucan toco,0
C:/Users/Natalia/Desktop/PADIA/endansys/dataset/training/Tucan_toco/imagen_001.jpg,tucan toco,0
C:/Users/Natalia/Desktop/PADIA/endansys/dataset/training/Tucan_toco/imagen_002.jpg,tucan toco,0
C:/Users/Natalia/Desktop/PADIA/endansys/dataset/training/Tucan_toco/imagen_003.jpg,tucan toco,0
C:/Users/Natalia/Desktop/PADIA/endansys/dataset/training/Tucan_toco/imagen_004.jpg,tucan toco,0
C:/Users/Natalia/Desktop/PADIA/endansys/dataset/training/Tucan_toco/imagen_005.jpg,tucan toco,0
C:/Users/Natalia/Desktop/PADIA/endansys/dataset/training/Tucan_toco/imagen_006.jpg,tucan toco,0
C:/Users/Natalia/Desktop/PADIA/endansys/dataset/training/Tucan_toco/imagen_007.jpg,tucan toco,0
C:/Users/Natalia/Desktop/PADIA/endansys/dataset/training/Tucan_toco/imagen_008.jpg,tucan toco,0
C:/Users/Natalia/Desktop/PADIA/endansys/dataset/training/Tucan_toco/imagen_009.jpg,tucan toco,0
C:/Users/Natalia/Desktop/PADIA/endansys/dataset/training/Tucan_toco/imagen_010.jpg,tucan toco,0
C:/Users/Natalia/Desktop/PADIA/endansys/dataset/training/Tucan_toco/imagen_011.jpg,tucan toco,0
C:/Users/Natalia/Desktop/PADIA/endansys/dataset/training/Tucan_toco/imagen_012.jpg,tucan toco,0
C:/Users/Natalia/Desktop/PADIA/endansys/dataset/training/Tucan_toco/imagen_013.jpg,tucan toco,0
C:/Users/Natalia/Desktop/PADIA/endansys/dataset/training/Tucan_toco/imagen_014.jpg,tucan toco,0
C:/Users/Natalia/Desktop/PADIA/endansys/dataset/training/Tucan_toco/imagen_015.jpg,tucan toco,0
C:/Users/Natalia/Desktop/PADIA/endansys/dataset/training/Tucan_toco/imagen_016.jpg,tucan toco,0
C:/Users/Natalia/Desktop/PADIA/endansys/dataset/training/Tucan_toco/imagen_017.jpg,tucan toco,0
C:/Users/Natalia/Desktop/PADIA/endansys/dataset/training/Tucan_toco/imagen_018.jpg,tucan toco,0
C:/Users/Natalia/Desktop/PADIA/endansys/dataset/training/Tucan_toco/imagen_019.jpg,tucan toco,0
C:/Users/Natalia/Desktop/PADIA/endansys/dataset/training/Tucan_toco/imagen_020.jpg,tucan toco,0
C:/Users/Natalia/Desktop/PADIA/endansys/dataset/training/Tucan_toco/imagen_021.jpg,tucan toco,0
C:/Users/Natalia/Desktop/PADIA/endansys/dataset/training/Tucan_toco/imagen_022.jpg,tucan toco,0
C:/Users/Natalia/Desktop/PADIA/endansys/dataset/training/Tucan_toco/imagen_023.jpg,tucan toco,0
C:/Users/Natalia/Desktop/PADIA/endansys/dataset/training/Tucan_toco/imagen_024.jpg,tucan toco,0
C:/Users/Natalia/Desktop/PADIA/endansys/dataset/training/Tucan_toco/imagen_025.jpg,tucan toco,0
C:/Users/Natalia/Desktop/PADIA/endansys/dataset/training/Tucan_toco/imagen_026.jpg,tucan toco,0
C:/Users/Natalia/Desktop/PADIA/endansys/dataset/training/Tucan_toco/imagen_027.jpg,tucan toco,0
C:/Users/Natalia/Desktop/PADIA/endansys/dataset/training/Tucan_toco/imagen_028.jpg,tucan toco,0
C:/Users/Natalia/Desktop/PADIA/endansys/dataset/training/Tucan_toco/imagen_029.jpg,tucan toco,0
C:/Users/Natalia/Desktop/PADIA/endansys/dataset/training/Tucan_toco/imagen_030.jpg,tucan toco,0
C:/Users/Natalia/Desktop/PADIA/endansys/dataset/training/Tucan_toco/imagen_031.jpg,tucan toco,0
C:/Users/Natalia/Desktop/PADIA/endansys/dataset/training/Tucan_toco/imagen_032.jpg,tucan toco,0
C:/Users/Natalia/Desktop/PADIA/endansys/dataset/training/Tucan_toco/imagen_033.jpg,tucan toco,0
C:/Users/Natalia/Desktop/PADIA/endansys/dataset/training/Venado_cola_blanca/1.jpg,venado cola blanca,0
C:/Users/Natalia/Desktop/PADIA/endansys/dataset/training/Venado_cola_blanca/12.jpg,venado cola blanca,0
C:/Users/Natalia/Desktop/PADIA/endansys/dataset/training/Venado_cola_blanca/14.jpg,venado cola blanca,0
C:/Users/Natalia/Desktop/PADIA/endansys/dataset/training/Venado_cola_blanca/16.jpg,venado cola blanca,0
C:/Users/Natalia/Desktop/PADIA/endansys/dataset/training/Venado_cola_blanca/17.jpg,venado cola blanca,0
C:/Users/Natalia/Desktop/PADIA/endansys/dataset/training/Venado_cola_blanca/18.jpg,venado cola blanca,0
C:/Users/Natalia/Desktop/PADIA/endansys/dataset/training/Venado_cola_blanca/19.jpg,venado cola blanca,0
C:/Users/Natalia/Desktop/PADIA/endansys/dataset/training/Venado_cola_blanca/2.jpg,venado cola blanca,0
C:/Users/Natalia/Desktop/PADIA/endansys/dataset/training/Venado_cola_blanca/20.jpg,venado cola blanca,0
C:/Users/Natalia/Desktop/PADIA/endansys/dataset/training/Venado_cola_blanca/23.jpg,venado cola blanca,0
C:/Users/Natalia/Desktop/PADIA/endansys/dataset/training/Venado_cola_blanca/24.jpg,venado cola blanca,0
C:/Users/Natalia/Desktop/PADIA/endansys/dataset/training/Venado_cola_blanca/26.jpg,venado cola blanca,0
C:/Users/Natalia/Desktop/PADIA/endansys/dataset/training/Venado_cola_blanca/3.jpg,venado cola blanca,0
C:/Users/Natalia/Desktop/PADIA/endansys/dataset/training/Venado_cola_blanca/30.jpg,venado cola blanca,0
C:/Users/Natalia/Desktop/PADIA/endansys/dataset/training/Venado_cola_blanca/32.jpg,venado cola blanca,0
C:/Users/Natalia/Desktop/PADIA/endansys/dataset/training/Venado_cola_blanca/33.jpg,venado cola blanca,0
C:/Users/Natalia/Desktop/PADIA/endansys/dataset/training/Venado_cola_blanca/34.jpg,venado cola blanca,0
C:/Users/Natalia/Desktop/PADIA/endansys/dataset/training/Venado_cola_blanca/35.jpg,venado cola blanca,0
C:/Users/Natalia/Desktop/PADIA/endansys/dataset/training/Venado_cola_blanca/4.jpg,venado cola blanca,0
C:/Users/Natalia/Desktop/PADIA/endansys/dataset/training/Venado_cola_blanca/41.jpg,venado cola blanca,0
C:/Users/Natalia/Desktop/PADIA/endansys/dataset/training/Venado_cola_blanca/43.jpg,venado cola blanca,0
C:/Users/Natalia/Desktop/PADIA/endansys/dataset/training/Venado_cola_blanca/45.jpg,venado cola blanca,0
C:/Users/Natalia/Desktop/PADIA/endansys/dataset/training/Venado_cola_blanca/47.jpg,venado cola blanca,0
C:/Users/Natalia/Desktop/PADIA/endansys/dataset/training/Venado_cola_blanca/48.jpg,venado cola blanca,0
C:/Users/Natalia/Desktop/PADIA/endansys/dataset/training/Venado_cola_blanca/49.jpg,venado cola blanca,0
C:/Users/Natalia/Desktop/PADIA/endansys/dataset/training/Venado_cola_blanca/6.jpg,venado cola blanca,0
C:/Users/Natalia/Desktop/PADIA/endansys/dataset/training/Venado_cola_blanca/8.jpg,venado cola blanca,0
C:/Users/Natalia/Desktop/PADIA/endansys/dataset/training/Venado_cola_blanca/9.jpg,venado cola blanca,0
C:/Users/Natalia/Desktop/PADIA/endansys/dataset/training/Venado_cola_blanca/imagen_001.jpg,venado cola blanca,0
C:/Users/Natalia/Desktop/PADIA/endansys/dataset/training/Venado_cola_blanca/imagen_002.jpg,venado cola blanca,0
C:/Users/Natalia/Desktop/PADIA/endansys/dataset/training/Venado_cola_blanca/imagen_003.jpg,venado cola blanca,0
C:/Users/Natalia/Desktop/PADIA/endansys/dataset/training/Venado_cola_blanca/imagen_004.jpg,venado cola blanca,0
C:/Users/Natalia/Desktop/PADIA/endansys/dataset/training/Venado_cola_blanca/imagen_005.jpg,venado cola blanca,0
C:/Users/Natalia/Desktop/PADIA/endansys/dataset/training/Venado_cola_blanca/imagen_006.jpg,venado cola blanca,0
C:/Users/Natalia/Desktop/PADIA/endansys/dataset/training/Venado_cola_blanca/imagen_007.jpg,venado cola blanca,0
C:/Users/Natalia/Desktop/PADIA/endansys/dataset/training/Venado_cola_blanca/imagen_008.jpg,venado cola blanca,0
C:/Users/Natalia/Desktop/PADIA/endansys/dataset/training/Venado_cola_blanca/imagen_009.jpg,venado cola blanca,0
C:/Users/Natalia/Desktop/PADIA/endansys/dataset/training/Venado_cola_blanca/imagen_010.jpg,venado cola blanca,0
C:/Users/Natalia/Desktop/PADIA/endansys/dataset/training/Venado_cola_blanca/imagen_011.jpg,venado cola blanca,0
C:/Users/Natalia/Desktop/PADIA/endansys/dataset/training/Venado_cola_blanca/imagen_012.jpg,venado cola blanca,0
C:/Users/Natalia/Desktop/PADIA/endansys/dataset/training/Venado_cola_blanca/imagen_013.jpg,venado cola blanca,0
C:/Users/Natalia/Desktop/PADIA/endansys/dataset/training/Venado_cola_blanca/imagen_014.jpg,venado cola blanca,0
C:/Users/Natalia/Desktop/PADIA/endansys/dataset/training/Venado_cola_blanca/imagen_015.jpg,venado cola blanca,0
C:/Users/Natalia/Desktop/PADIA/endansys/dataset/training/Venado_cola_blanca/imagen_016.jpg,venado cola blanca,0
C:/Users/Natalia/Desktop/PADIA/endansys/dataset/training/Venado_cola_blanca/imagen_017.jpg,venado cola blanca,0
C:/Users/Natalia/Desktop/PADIA/endansys/dataset/training/Venado_cola_blanca/imagen_018.jpg,venado cola blanca,0
C:/Users/Natalia/Desktop/PADIA/endansys/dataset/training/Venado_cola_blanca/imagen_019.jpg,venado cola blanca,0
C:/Users/Natalia/Desktop/PADIA/endansys/dataset/training/Venado_cola_blanca/imagen_020.jpg,venado cola blanca,0
C:/Users/Natalia/Desktop/PADIA/endansys/dataset/training/Venado_cola_blanca/imagen_021.jpg,venado cola blanca,0
C:/Users/Natalia/Desktop/PADIA/endansys/dataset/training/Venado_cola_blanca/imagen_022.jpg,venado cola blanca,0
C:/Users/Natalia/Desktop/PADIA/endansys/dataset/training/Venado_cola_blanca/imagen_023.jpg,venado cola blanca,0
C:/Users/Natalia/Desktop/PADIA/endansys/dataset/training/Venado_cola_blanca/imagen_024.jpg,venado cola blanca,0
C:/Users/Natalia/Desktop/PADIA/endansys/dataset/training/Venado_cola_blanca/imagen_025.jpg,venado cola blanca,0
C:/Users/Natalia/Desktop/PADIA/endansys/dataset/training/Venado_cola_blanca/imagen_026.jpg,venado cola blanca,0
C:/Users/Natalia/Desktop/PADIA/endansys/dataset/training/Venado_cola_blanca/imagen_027.jpg,venado cola blanca,0
C:/Users/Natalia/Desktop/PADIA/endansys/dataset/training/Venado_cola_blanca/imagen_028.jpg,venado cola blanca,0
C:/Users/Natalia/Desktop/PADIA/endansys/dataset/training/Venado_cola_blanca/imagen_029.jpg,venado cola blanca,0
C:/Users/Natalia/Desktop/PADIA/endansys/dataset/training/Venado_cola_blanca/imagen_030.jpg,venado cola blanca,0
C:/Users/Natalia/Desktop/PADIA/endansys/dataset/training/Zorrillo_listado/1.jpg,zorrillo listado,0
C:/Users/Natalia/Desktop/PADIA/endansys/dataset/training/Zorrillo_listado/10.jpg,zorrillo listado,0
C:/Users/Natalia/Desktop/PADIA/endansys/dataset/training/Zorrillo_listado/11.jpg,zorrillo listado,0
C:/Users/Natalia/Desktop/PADIA/endansys/dataset/training/Zorrillo_listado/12.jpg,zorrillo listado,0
C:/Users/Natalia/Desktop/PADIA/endansys/dataset/training/Zorrillo_listado/13.jpg,zorrillo listado,0
C:/Users/Natalia/Desktop/PADIA/endansys/dataset/training/Zorrillo_listado/15.jpg,zorrillo listado,0
C:/Users/Natalia/Desktop/PADIA/endansys/dataset/training/Zorrillo_listado/16.jpg,zorrillo listado,0
C:/Users/Natalia/Desktop/PADIA/endansys/dataset/training/Zorrillo_listado/17.jpg,zorrillo listado,0
C:/Users/Natalia/Desktop/PADIA/endansys/dataset/training/Zorrillo_listado/18.jpg,zorrillo listado,0
C:/Users/Natalia/Desktop/PADIA/endansys/dataset/training/Zorrillo_listado/19.jpg,zorrillo listado,0
C:/Users/Natalia/Desktop/PADIA/endansys/dataset/training/Zorrillo_listado/22.jpg,zorrillo listado,0
C:/Users/Natalia/Desktop/PADIA/endansys/dataset/training/Zorrillo_listado/26.jpg,zorrillo listado,0
C:/Users/Natalia/Desktop/PADIA/endansys/dataset/training/Zorrillo_listado/27.jpg,zorrillo listado,0
C:/Users/Natalia/Desktop/PADIA/endansys/dataset/training/Zorrillo_listado/29.jpg,zorrillo listado,0
C:/Users/Natalia/Desktop/PADIA/endansys/dataset/training/Zorrillo_listado/3.jpg,zorrillo listado,0
C:/Users/Natalia/Desktop/PADIA/endansys/dataset/training/Zorrillo_listado/32.jpg,zorrillo listado,0
C:/Users/Natalia/Desktop/PADIA/endansys/dataset/training/Zorrillo_listado/33.jpg,zorrillo listado,0
C:/Users/Natalia/Desktop/PADIA/endansys/dataset/training/Zorrillo_listado/34.jpg,zorrillo listado,0
C:/Users/Natalia/Desktop/PADIA/endansys/dataset/training/Zorrillo_listado/35.jpg,zorrillo listado,0
C:/Users/Natalia/Desktop/PADIA/endansys/dataset/training/Zorrillo_listado/36.jpg,zorrillo listado,0
C:/Users/Natalia/Desktop/PADIA/endansys/dataset/training/Zorrillo_listado/39.jpg,zorrillo listado,0
C:/Users/Natalia/Desktop/PADIA/endansys/dataset/training/Zorrillo_listado/40.jpg,zorrillo listado,0
C:/Users/Natalia/Desktop/PADIA/endansys/dataset/training/Zorrillo_listado/43.jpg,zorrillo listado,0
C:/Users/Natalia/Desktop/PADIA/endansys/dataset/training/Zorrillo_listado/44.jpg,zorrillo listado,0
C:/Users/Natalia/Desktop/PADIA/endansys/dataset/training/Zorrillo_listado/45.jpg,zorrillo listado,0
C:/Users/Natalia/Desktop/PADIA/endansys/dataset/training/Zorrillo_listado/46.jpg,zorrillo listado,0
C:/Users/Natalia/Desktop/PADIA/endansys/dataset/training/Zorrillo_listado/47.jpg,zorrillo listado,0
C:/Users/Natalia/Desktop/PADIA/endansys/dataset/training/Zorrillo_listado/49.jpg,zorrillo listado,0
C:/Users/Natalia/Desktop/PADIA/endansys/dataset/training/Zorrillo_listado/5.jpg,zorrillo listado,0
C:/Users/Natalia/Desktop/PADIA/endansys/dataset/training/Zorrillo_listado/50.jpg,zorrillo listado,0
C:/Users/Natalia/Desktop/PADIA/endansys/dataset/training/Zorrillo_listado/7.jpg,zorrillo listado,0
C:/Users/Natalia/Desktop/PADIA/endansys/dataset/training/Zorrillo_listado/8.jpg,zorrillo listado,0
C:/Users/Natalia/Desktop/PADIA/endansys/dataset/training/Zorrillo_listado/9.jpg,zorrillo listado,0
C:/Users/Natalia/Desktop/PADIA/endansys/dataset/training/Zorrillo_listado/imagen_001.jpg,zorrillo listado,0
C:/Users/Natalia/Desktop/PADIA/endansys/dataset/training/Zorrillo_listado/imagen_002.jpg,zorrillo listado,0
C:/Users/Natalia/Desktop/PADIA/endansys/dataset/training/Zorrillo_listado/imagen_003.jpg,zorrillo listado,0
C:/Users/Natalia/Desktop/PADIA/endansys/dataset/training/Zorrillo_listado/imagen_004.jpg,zorrillo listado,0
C:/Users/Natalia/Desktop/PADIA/endansys/dataset/training/Zorrillo_listado/imagen_005.jpg,zorrillo listado,0
C:/Users/Natalia/Desktop/PADIA/endansys/dataset/training/Zorrillo_listado/imagen_006.jpg,zorrillo listado,0
C:/Users/Natalia/Desktop/PADIA/endansys/dataset/training/Zorrillo_listado/imagen_007.jpg,zorrillo listado,0
C:/Users/Natalia/Desktop/PADIA/endansys/dataset/training/Zorrillo_listado/imagen_008.jpg,zorrillo listado,0
C:/Users/Natalia/Desktop/PADIA/endansys/dataset/training/Zorrillo_listado/imagen_009.jpg,zorrillo listado,0
C:/Users/Natalia/Desktop/PADIA/endansys/dataset/training/Zorrillo_listado/imagen_010.jpg,zorrillo listado,0
C:/Users/Natalia/Desktop/PADIA/endansys/dataset/training/Zorrillo_listado/imagen_011.jpg,zorrillo listado,0
C:/Users/Natalia/Desktop/PADIA/endansys/dataset/training/Zorrillo_listado/imagen_012.jpg,zorrillo listado,0
C:/Users/Natalia/Desktop/PADIA/endansys/dataset/training/Zorrillo_listado/imagen_013.jpg,zorrillo listado,0
C:/Users/Natalia/Desktop/PADIA/endansys/dataset/training/Zorrillo_listado/imagen_014.jpg,zorrillo listado,0
C:/Users/Natalia/Desktop/PADIA/endansys/dataset/training/Zorrillo_listado/imagen_015.jpg,zorrillo listado,0
C:/Users/Natalia/Desktop/PADIA/endansys/dataset/training/Zorrillo_listado/imagen_016.jpg,zorrillo listado,0
C:/Users/Natalia/Desktop/PADIA/endansys/dataset/training/Zorrillo_listado/imagen_017.jpg,zorrillo listado,0
C:/Users/Natalia/Desktop/PADIA/endansys/dataset/training/Zorrillo_listado/imagen_018.jpg,zorrillo listado,0
C:/Users/Natalia/Desktop/PADIA/endansys/dataset/training/Zorrillo_listado/imagen_019.jpg,zorrillo listado,0
C:/Users/Natalia/Desktop/PADIA/endansys/dataset/training/Zorrillo_listado/imagen_020.jpg,zorrillo listado,0
C:/Users/Natalia/Desktop/PADIA/endansys/dataset/training/Zorrillo_listado/imagen_021.jpg,zorrillo listado,0
C:/Users/Natalia/Desktop/PADIA/endansys/dataset/training/Zorrillo_listado/imagen_022.jpg,zorrillo listado,0
C:/Users/Natalia/Desktop/PADIA/endansys/dataset/training/Zorrillo_listado/imagen_023.jpg,zorrillo listado,0
C:/Users/Natalia/Desktop/PADIA/endansys/dataset/training/Zorrillo_listado/imagen_024.jpg,zorrillo listado,0
C:/Users/Natalia/Desktop/PADIA/endansys/dataset/training/Zorrillo_listado/imagen_025.jpg,zorrillo listado,0
C:/Users/Natalia/Desktop/PADIA/endansys/dataset/training/Zorrillo_listado/imagen_026.jpg,zorrillo listado,0
C:/Users/Natalia/Desktop/PADIA/endansys/dataset/training/Zorrillo_listado/imagen_027.jpg,zorrillo listado,0
C:/Users/Natalia/Desktop/PADIA/endansys/dataset/training/Zorrillo_listado/imagen_028.jpg,zorrillo listado,0
C:/Users/Natalia/Desktop/PADIA/endansys/dataset/training/Zorro_cangrejero/1.jpg,zorro cangrejero,0
C:/Users/Natalia/Desktop/PADIA/endansys/dataset/training/Zorro_cangrejero/11.jpg,zorro cangrejero,0
C:/Users/Natalia/Desktop/PADIA/endansys/dataset/training/Zorro_cangrejero/12.jpg,zorro cangrejero,0
C:/Users/Natalia/Desktop/PADIA/endansys/dataset/training/Zorro_cangrejero/14.jpg,zorro cangrejero,0
C:/Users/Natalia/Desktop/PADIA/endansys/dataset/training/Zorro_cangrejero/15.jpg,zorro cangrejero,0
C:/Users/Natalia/Desktop/PADIA/endansys/dataset/training/Zorro_cangrejero/17.jpg,zorro cangrejero,0
C:/Users/Natalia/Desktop/PADIA/endansys/dataset/training/Zorro_cangrejero/18.jpg,zorro cangrejero,0
C:/Users/Natalia/Desktop/PADIA/endansys/dataset/training/Zorro_cangrejero/25.jpg,zorro cangrejero,0
C:/Users/Natalia/Desktop/PADIA/endansys/dataset/training/Zorro_cangrejero/27.jpg,zorro cangrejero,0
C:/Users/Natalia/Desktop/PADIA/endansys/dataset/training/Zorro_cangrejero/30.jpg,zorro cangrejero,0
C:/Users/Natalia/Desktop/PADIA/endansys/dataset/training/Zorro_cangrejero/34.jpg,zorro cangrejero,0
C:/Users/Natalia/Desktop/PADIA/endansys/dataset/training/Zorro_cangrejero/37.jpg,zorro cangrejero,0
C:/Users/Natalia/Desktop/PADIA/endansys/dataset/training/Zorro_cangrejero/38.jpg,zorro cangrejero,0
C:/Users/Natalia/Desktop/PADIA/endansys/dataset/training/Zorro_cangrejero/4.jpg,zorro cangrejero,0
C:/Users/Natalia/Desktop/PADIA/endansys/dataset/training/Zorro_cangrejero/41.jpg,zorro cangrejero,0
C:/Users/Natalia/Desktop/PADIA/endansys/dataset/training/Zorro_cangrejero/43.jpg,zorro cangrejero,0
C:/Users/Natalia/Desktop/PADIA/endansys/dataset/training/Zorro_cangrejero/44.jpg,zorro cangrejero,0
C:/Users/Natalia/Desktop/PADIA/endansys/dataset/training/Zorro_cangrejero/45.jpg,zorro cangrejero,0
C:/Users/Natalia/Desktop/PADIA/endansys/dataset/training/Zorro_cangrejero/46.jpg,zorro cangrejero,0
C:/Users/Natalia/Desktop/PADIA/endansys/dataset/training/Zorro_cangrejero/47.jpg,zorro cangrejero,0
C:/Users/Natalia/Desktop/PADIA/endansys/dataset/training/Zorro_cangrejero/48.jpg,zorro cangrejero,0
C:/Users/Natalia/Desktop/PADIA/endansys/dataset/training/Zorro_cangrejero/5.jpg,zorro cangrejero,0
C:/Users/Natalia/Desktop/PADIA/endansys/dataset/training/Zorro_cangrejero/50.jpg,zorro cangrejero,0
C:/Users/Natalia/Desktop/PADIA/endansys/dataset/training/Zorro_cangrejero/7.jpg,zorro cangrejero,0
C:/Users/Natalia/Desktop/PADIA/endansys/dataset/training/Zorro_cangrejero/9.jpg,zorro cangrejero,0
C:/Users/Natalia/Desktop/PADIA/endansys/dataset/training/Zorro_cangrejero/imagen_001.jpg,zorro cangrejero,0
C:/Users/Natalia/Desktop/PADIA/endansys/dataset/training/Zorro_cangrejero/imagen_002.jpg,zorro cangrejero,0
C:/Users/Natalia/Desktop/PADIA/endansys/dataset/training/Zorro_cangrejero/imagen_003.jpg,zorro cangrejero,0
C:/Users/Natalia/Desktop/PADIA/endansys/dataset/training/Zorro_cangrejero/imagen_004.jpg,zorro cangrejero,0
C:/Users/Natalia/Desktop/PADIA/endansys/dataset/training/Zorro_cangrejero/imagen_005.jpg,zorro cangrejero,0
C:/Users/Natalia/Desktop/PADIA/endansys/dataset/training/Zorro_cangrejero/imagen_006.jpg,zorro cangrejero,0
C:/Users/Natalia/Desktop/PADIA/endansys/dataset/training/Zorro_cangrejero/imagen_007.jpg,zorro cangrejero,0
C:/Users/Natalia/Desktop/PADIA/endansys/dataset/training/Zorro_cangrejero/imagen_008.jpg,zorro cangrejero,0
C:/Users/Natalia/Desktop/PADIA/endansys/dataset/training/Zorro_cangrejero/imagen_009.jpg,zorro cangrejero,0
C:/Users/Natalia/Desktop/PADIA/endansys/dataset/training/Zorro_cangrejero/imagen_010.jpg,zorro cangrejero,0
C:/Users/Natalia/Desktop/PADIA/endansys/dataset/training/Zorro_cangrejero/imagen_011.jpg,zorro cangrejero,0
C:/Users/Natalia/Desktop/PADIA/endansys/dataset/training/Zorro_cangrejero/imagen_012.jpg,zorro cangrejero,0
C:/Users/Natalia/Desktop/PADIA/endansys/dataset/training/Zorro_cangrejero/imagen_013.jpg,zorro cangrejero,0
C:/Users/Natalia/Desktop/PADIA/endansys/dataset/training/Zorro_cangrejero/imagen_014.jpg,zorro cangrejero,0
C:/Users/Natalia/Desktop/PADIA/endansys/dataset/training/Zorro_cangrejero/imagen_015.jpg,zorro cangrejero,0
C:/Users/Natalia/Desktop/PADIA/endansys/dataset/training/Zorro_cangrejero/imagen_016.jpg,zorro cangrejero,0
C:/Users/Natalia/Desktop/PADIA/endansys/dataset/training/Zorro_cangrejero/imagen_017.jpg,zorro cangrejero,0
C:/Users/Natalia/Desktop/PADIA/endansys/dataset/training/Zorro_cangrejero/imagen_018.jpg,zorro cangrejero,0
C:/Users/Natalia/Desktop/PADIA/endansys/dataset/training/Zorro_cangrejero/imagen_019.jpg,zorro cangrejero,0
C:/Users/Natalia/Desktop/PADIA/endansys/dataset/training/Zorro_cangrejero/imagen_020.jpg,zorro cangrejero,0
C:/Users/Natalia/Desktop/PADIA/endansys/dataset/training/Zorro_cangrejero/imagen_021.jpg,zorro cangrejero,0
